ac_number,ac_name,part_number,station_name,file_name
01,YOKSAM TASHIDING (BL),1,GOVT. SR. SEC. SCHOOL YOKSAM ROOM NO. I,sikkim_pdfs/01_001.pdf
01,YOKSAM TASHIDING (BL),2,GOVT. SR. SEC. SCHOOL YOKSAM ROOM NO. II,sikkim_pdfs/01_002.pdf
01,YOKSAM TASHIDING (BL),3,GOVT. SEC SCHOOL KHECHOPHERI,sikkim_pdfs/01_003.pdf
01,YOKSAM TASHIDING (BL),4,GOVT. PRY SCHOOL DARAPTHANG,sikkim_pdfs/01_004.pdf
01,YOKSAM TASHIDING (BL),5,"GOVT. SEC. SCHOOL, GERETHANG ROOM NO. I",sikkim_pdfs/01_005.pdf
01,YOKSAM TASHIDING (BL),6,"GOVT. SEC. SCHOOL, GERETHANG ROOM NO. II",sikkim_pdfs/01_006.pdf
01,YOKSAM TASHIDING (BL),7,"GOVT. SEC. SCHOOL, MELLI ROOM NO. I",sikkim_pdfs/01_007.pdf
01,YOKSAM TASHIDING (BL),8,"GOVT. SEC. SCHOOL, MELLI ROOM NO. II",sikkim_pdfs/01_008.pdf
01,YOKSAM TASHIDING (BL),9,"GOVT. JR. HIGH SCHOOL, TIMGBRONG",sikkim_pdfs/01_009.pdf
01,YOKSAM TASHIDING (BL),10,"GOVT. SEC. SCHOOL, KARJEE",sikkim_pdfs/01_010.pdf
01,YOKSAM TASHIDING (BL),11,GOVT. PRY. SCHOOL DHUPIDARA,sikkim_pdfs/01_011.pdf
01,YOKSAM TASHIDING (BL),12,"GOVT. PRY. SCHOOL, LOWER MANGNAM",sikkim_pdfs/01_012.pdf
01,YOKSAM TASHIDING (BL),13,"GOVT. JR.HIGH SCHOOL, LABDANG",sikkim_pdfs/01_013.pdf
01,YOKSAM TASHIDING (BL),14,GOVT. PRY SCHOOL KONGRI,sikkim_pdfs/01_014.pdf
01,YOKSAM TASHIDING (BL),15,GOVT. PRY SCHOOL NAMBU MANGTHANG,sikkim_pdfs/01_015.pdf
01,YOKSAM TASHIDING (BL),16,"GOVT. JR.HIGH SCHOOL, MIDDLE CHONGRANG ROOM NO. I",sikkim_pdfs/01_016.pdf
01,YOKSAM TASHIDING (BL),17,"GOVT. JR.HIGH SCHOOL, MIDDLE CHONGRANG ROOM NO. II",sikkim_pdfs/01_017.pdf
01,YOKSAM TASHIDING (BL),18,"GOVT. SR. SECONDARY SCHOOL, TASHIDING",sikkim_pdfs/01_018.pdf
01,YOKSAM TASHIDING (BL),19,GOVT. PRY SCHOOL TASHIDING,sikkim_pdfs/01_019.pdf
02,YANGTHANG,1,GOVT. SEC SCHOOL DARAP ROOM NO. I,sikkim_pdfs/02_001.pdf
02,YANGTHANG,2,GOVT. SEC. SCHOOL DARAP ROOM NO.II,sikkim_pdfs/02_002.pdf
02,YANGTHANG,3,"GOVT. SEC. SCHOOL, RIMBI",sikkim_pdfs/02_003.pdf
02,YANGTHANG,4,GOVT. SR. SEC SCHOOL PELLING ROOM I,sikkim_pdfs/02_004.pdf
02,YANGTHANG,5,GOVT. SR. SEC SCHOOL PELLING ROOM II,sikkim_pdfs/02_005.pdf
02,YANGTHANG,6,"GOVT. JR. HIGH SCHOOL, PELLING CHUMBONG",sikkim_pdfs/02_006.pdf
02,YANGTHANG,7,"GOVT. GYALSHING GIRL SR. SEC. SCHOOL, KYONGSA ROOM NO. I",sikkim_pdfs/02_007.pdf
02,YANGTHANG,8,GOVT. PRY. SCHOOL TIKJECK,sikkim_pdfs/02_008.pdf
02,YANGTHANG,9,"GOVT. SEC. SCHOOL, LANGANG ROOM NO. I",sikkim_pdfs/02_009.pdf
02,YANGTHANG,10,"GOVT. SEC. SCHOOL, LANGANG ROOM NO. II",sikkim_pdfs/02_010.pdf
02,YANGTHANG,11,"GOVT. PRY. SCHOOL, YANGTEY",sikkim_pdfs/02_011.pdf
02,YANGTHANG,12,"GOVT. SEC. SCHOOL, SAKYONG ROOM NO. I",sikkim_pdfs/02_012.pdf
02,YANGTHANG,13,"GOVT. SEC. SCHOOL, SAKYONG ROOM NO. II",sikkim_pdfs/02_013.pdf
02,YANGTHANG,14,"GOVT. SEC. SCHOOL, LINGCHOM ROOM NO. I",sikkim_pdfs/02_014.pdf
02,YANGTHANG,15,"GOVT. SEC. SCHOOL, LINGCHOM ROOM NO. II",sikkim_pdfs/02_015.pdf
02,YANGTHANG,16,"GOVT. GYALSHING GIRL SR. SEC. SCHOOL, KYONGSA ROOM NO. II",sikkim_pdfs/02_016.pdf
03,MANEYBONG DENTAM,1,"GOVT. JR. HIGH SCHOOL, BEGHA ROOM NO. I",sikkim_pdfs/03_001.pdf
03,MANEYBONG DENTAM,2,"GOVT. JR. HIGH SCHOOL, BEGHA ROOM NO. II",sikkim_pdfs/03_002.pdf
03,MANEYBONG DENTAM,3,"GOVT. SR. SEC SCHOOL, MANGMOO DENTAM",sikkim_pdfs/03_003.pdf
03,MANEYBONG DENTAM,4,GOVT. SEC SCHOOL MUKRUNG,sikkim_pdfs/03_004.pdf
03,MANEYBONG DENTAM,5,GOVT. SEC SCHOOL UTTAREY ROOM NO. I,sikkim_pdfs/03_005.pdf
03,MANEYBONG DENTAM,6,GOVT. SEC SCHOOL UTTAREY ROOM NO. II,sikkim_pdfs/03_006.pdf
03,MANEYBONG DENTAM,7,"GOVT. PRY. SCHOOL, SOM BUSTY",sikkim_pdfs/03_007.pdf
03,MANEYBONG DENTAM,8,"GOVT. PRY. SCHOOL, GITANG",sikkim_pdfs/03_008.pdf
03,MANEYBONG DENTAM,9,"GOVT. PRY. SCHOOL, SAPONG",sikkim_pdfs/03_009.pdf
03,MANEYBONG DENTAM,10,"GOVT. JHS, BONGTEN",sikkim_pdfs/03_010.pdf
03,MANEYBONG DENTAM,11,"GOVT. PRY. SCHOOL, BHALUKHOP",sikkim_pdfs/03_011.pdf
03,MANEYBONG DENTAM,12,"GOVT. SEC. SCHOOL, KHANDU ROOM NO. I",sikkim_pdfs/03_012.pdf
03,MANEYBONG DENTAM,13,GOVT. PRY. SCHOOL KHANDU ROOM NO. II,sikkim_pdfs/03_013.pdf
03,MANEYBONG DENTAM,14,GOVT. PRY. SCHOOL SANKHU,sikkim_pdfs/03_014.pdf
03,MANEYBONG DENTAM,15,"GOVT. PRY. SCHOOL , LIDUNG",sikkim_pdfs/03_015.pdf
03,MANEYBONG DENTAM,16,"GOVT. PRY. SCHOOL , DENTAMTAR",sikkim_pdfs/03_016.pdf
03,MANEYBONG DENTAM,17,HEE-PECHEREK PANCHAYAT HOUSE ROOM NO. I,sikkim_pdfs/03_017.pdf
03,MANEYBONG DENTAM,18,HEE-PECHEREK PANCHAYAT HOUSE ROOM NO. II,sikkim_pdfs/03_018.pdf
03,MANEYBONG DENTAM,19,"GOVT. JR. HIGH SCHOOL, SOPHAKA",sikkim_pdfs/03_019.pdf
03,MANEYBONG DENTAM,20,"GOVT. JR. HIGH SCHOOL, BURUL SINGTAM",sikkim_pdfs/03_020.pdf
03,MANEYBONG DENTAM,21,"GOVT. JR. HIGH SCHOOL, SARDONG",sikkim_pdfs/03_021.pdf
03,MANEYBONG DENTAM,22,"GOVT. PRY. SCHOOL, AMBOTEY",sikkim_pdfs/03_022.pdf
04,GYALSHING BARNYAK,1,"GOVT. JR. HIGH SCHOOL, OMCHUCNG.",sikkim_pdfs/04_001.pdf
04,GYALSHING BARNYAK,2,"COMMUNITY HALL, GYALSHING ROOM NO.II",sikkim_pdfs/04_002.pdf
04,GYALSHING BARNYAK,3,"GOVT. SEC. SCHOOL, MIDDLE GYALSHING",sikkim_pdfs/04_003.pdf
04,GYALSHING BARNYAK,4,GOVT. PRY SCHOOL MEGYONG,sikkim_pdfs/04_004.pdf
04,GYALSHING BARNYAK,5,"GOVT. SEC. SCHOOL, YANGSUM ROOM NO. I",sikkim_pdfs/04_005.pdf
04,GYALSHING BARNYAK,6,"GOVT. SEC. SCHOOL, YANGSUM ROOM NO. II",sikkim_pdfs/04_006.pdf
04,GYALSHING BARNYAK,7,"GOVT. JR. HIGH SCHOOL, LOWER BERMIOK",sikkim_pdfs/04_007.pdf
04,GYALSHING BARNYAK,8,PECHEREK MARTAM PANCHAYAT HOUSE ROOM NO. I,sikkim_pdfs/04_008.pdf
04,GYALSHING BARNYAK,9,PECHEREK MARTAM PANCHAYAT HOUSE ROOM NO. II,sikkim_pdfs/04_009.pdf
04,GYALSHING BARNYAK,10,"GOVT. SEC SCHOOL, BERMIOK MARTAM ROOM NO. I",sikkim_pdfs/04_010.pdf
04,GYALSHING BARNYAK,11,"GOVT. SEC SCHOOL, BERMIOK MARTAM ROOM NO. II",sikkim_pdfs/04_011.pdf
04,GYALSHING BARNYAK,12,"GOVT. JR. HIGH SCHOOL, HEE PATAL",sikkim_pdfs/04_012.pdf
04,GYALSHING BARNYAK,13,"GOVT. PRY. SCHOOL, PECHEREK",sikkim_pdfs/04_013.pdf
04,GYALSHING BARNYAK,14,"COMMUNITY HALL, GYALSHING ROOM NO.I",sikkim_pdfs/04_014.pdf
04,GYALSHING BARNYAK,15,"COMMUNITY HALL, GYALSHING ROOM NO III",sikkim_pdfs/04_015.pdf
05,RINCHENBONG (BL),1,"GOVT. JR. HIGH SCHOOL, SAMDONG",sikkim_pdfs/05_001.pdf
05,RINCHENBONG (BL),2,"GOVT. SR. SEC. SCHOOL, SRIBADAM",sikkim_pdfs/05_002.pdf
05,RINCHENBONG (BL),3,"GOVT. JR. HIGH SCHOOL, DEYTHANG",sikkim_pdfs/05_003.pdf
05,RINCHENBONG (BL),4,"GOVT. JR. HIGH SCHOOL, JUSHINGTHANG",sikkim_pdfs/05_004.pdf
05,RINCHENBONG (BL),5,"GOVT. SR SEC. SCHOOL, MANGALBARIA R. NO. I",sikkim_pdfs/05_005.pdf
05,RINCHENBONG (BL),6,"GOVT. SR SEC. SCHOOL, MANGALBARIA R.NO. II",sikkim_pdfs/05_006.pdf
05,RINCHENBONG (BL),7,"SARDAR RAN BDR. GURUNG GOVT. SR. SEC. SCHOOL, KALUK ROOM NO. I",sikkim_pdfs/05_007.pdf
05,RINCHENBONG (BL),8,"SARDAR RAN BDR. GURUNG GOVT. SR. SEC. SCHOOL, KALUK ROOM NO. II",sikkim_pdfs/05_008.pdf
05,RINCHENBONG (BL),9,"SARDAR RAN BDR. GURUNG GOVT. SR. SEC. SCHOOL, KALUK ROOM NO. III",sikkim_pdfs/05_009.pdf
05,RINCHENBONG (BL),10,"GOVT. PRY. SCHOOL, LOWER HATHIDUNGA",sikkim_pdfs/05_010.pdf
05,RINCHENBONG (BL),11,"GOVT. PRY. SCHOOL, NAM GAON",sikkim_pdfs/05_011.pdf
05,RINCHENBONG (BL),12,"GOVT. JR. HIGH SCHOOL, JEEL",sikkim_pdfs/05_012.pdf
05,RINCHENBONG (BL),13,GOVT. SEC. SCHOOL KAMLING ROOM NO. I,sikkim_pdfs/05_013.pdf
05,RINCHENBONG (BL),14,GOVT. SEC. SCHOOL KAMLING ROOM NO. II,sikkim_pdfs/05_014.pdf
05,RINCHENBONG (BL),15,"GOVT. JR. HIGH SCHOOL, BIRDANG",sikkim_pdfs/05_015.pdf
05,RINCHENBONG (BL),16,"GOVT. SEC. SCHOOL, KHANISHERBONG",sikkim_pdfs/05_016.pdf
05,RINCHENBONG (BL),17,"GOVT. SEC. SCHOOL, RESHI",sikkim_pdfs/05_017.pdf
06,DARAMDIN (BL),1,BURIAKHOP DODAK PANCHAYAT GHAR ROOM. NO. I,sikkim_pdfs/06_001.pdf
06,DARAMDIN (BL),2,BURIAKHOP DODAK PANCHAYAT GHAR ROOM. NO. II,sikkim_pdfs/06_002.pdf
06,DARAMDIN (BL),3,"GOVT. SR. SEC. SCHOOL, BURIAKHOP",sikkim_pdfs/06_003.pdf
06,DARAMDIN (BL),4,"GOVT. JR. HIGH SCHOOL ,RUMBUK",sikkim_pdfs/06_004.pdf
06,DARAMDIN (BL),5,"GOVT. PRY SCHOOL, MUNANGAON",sikkim_pdfs/06_005.pdf
06,DARAMDIN (BL),6,"GOVT. SR. SEC SCHOOL, SOMBARIA ROOM NO. II",sikkim_pdfs/06_006.pdf
06,DARAMDIN (BL),7,"GOVT. SR. SEC SCHOOL, SOMBARIA ROOM NO. I",sikkim_pdfs/06_007.pdf
06,DARAMDIN (BL),8,"KRIPASALAYAN GOVT. SEC. SCHOOL, DARAMDIN ROOM NO.I",sikkim_pdfs/06_008.pdf
06,DARAMDIN (BL),9,"KRIPASALAYAN GOVT. SEC. SCHOOL, DARAMDIN ROOM NO.II",sikkim_pdfs/06_009.pdf
06,DARAMDIN (BL),10,"KRIPASALAYAN GOVT. SEC. SCHOOL, DARAMDIN ROOM NO.III",sikkim_pdfs/06_010.pdf
06,DARAMDIN (BL),11,GOVT. PRY SCHOOL SALYANGDANG,sikkim_pdfs/06_011.pdf
06,DARAMDIN (BL),12,"GOVT. JR.HIGH SCHOOL, LUNGCHOK",sikkim_pdfs/06_012.pdf
06,DARAMDIN (BL),13,"GOVT. SEC. SCHOOL, TIKPUR ROOM NO. I",sikkim_pdfs/06_013.pdf
06,DARAMDIN (BL),14,"GOVT. SEC. SCHOOL, TIKPUR ROOM NO. II",sikkim_pdfs/06_014.pdf
06,DARAMDIN (BL),15,GOVT. SEC. SCHOOL OKHREY ROOM NO. I,sikkim_pdfs/06_015.pdf
06,DARAMDIN (BL),16,"GOVT. SEC. SCHOOL OKHREY, ROOM NO. II",sikkim_pdfs/06_016.pdf
06,DARAMDIN (BL),17,"NIMA SHERPA MEMORIAL GOVT SEC.SCHOOL, RIBDI ROOM NO I",sikkim_pdfs/06_017.pdf
06,DARAMDIN (BL),18,"NIMA SHERPA MEMORIAL GOVT SEC.SCHOOL, RIBDI ROOM NO II",sikkim_pdfs/06_018.pdf
07,SORENG CHAKUNG,1,GOVT. SR SEC SCHOOL CHAKUNG,sikkim_pdfs/07_001.pdf
07,SORENG CHAKUNG,2,"GOVT. PRY. SCHOOL, SADHUGAON",sikkim_pdfs/07_002.pdf
07,SORENG CHAKUNG,3,"GOVT. JR. HIGH SCHOOL, MENDOGOAN",sikkim_pdfs/07_003.pdf
07,SORENG CHAKUNG,4,GOVT SEC. SCHOOL CHUMBUNG,sikkim_pdfs/07_004.pdf
07,SORENG CHAKUNG,5,"GOVT. PRY. SCHOOL, SINGREP",sikkim_pdfs/07_005.pdf
07,SORENG CHAKUNG,6,"GOVT. SR. SEC. SCHOOL, SORENG, ROOM NO. I",sikkim_pdfs/07_006.pdf
07,SORENG CHAKUNG,7,"GOVT. SR. SEC. SCHOOL, SORENG, ROOM NO. II",sikkim_pdfs/07_007.pdf
07,SORENG CHAKUNG,8,"GOVT. SR. SEC. SCHOOL, SORENG, ROOM NO. III",sikkim_pdfs/07_008.pdf
07,SORENG CHAKUNG,9,"GOVT. JR. HIGH SCHOOL, MANGSARI",sikkim_pdfs/07_009.pdf
07,SORENG CHAKUNG,10,"B.ED. COLLEGE, SORENG, ROOM NO. I",sikkim_pdfs/07_010.pdf
07,SORENG CHAKUNG,11,"B.ED. COLLEGE, SORENG, ROOM NO. II",sikkim_pdfs/07_011.pdf
07,SORENG CHAKUNG,12,"GOVT. PRY SCHOOL, KARTHOK",sikkim_pdfs/07_012.pdf
07,SORENG CHAKUNG,13,"GOVT. SEC. SCHOOL, PAKKIGOAN ROOM NO. I",sikkim_pdfs/07_013.pdf
07,SORENG CHAKUNG,14,"GOVT. SEC. SCHOOL, PAKKIGOAN ROOM NO. II",sikkim_pdfs/07_014.pdf
07,SORENG CHAKUNG,15,"GOVT. SEC. SCHOOL, TIMBERBONG",sikkim_pdfs/07_015.pdf
07,SORENG CHAKUNG,16,"GOVT. PRY. SCHOOL, LOWER TIMBERBONG",sikkim_pdfs/07_016.pdf
07,SORENG CHAKUNG,17,"GOVT. SR. SEC. SCHOOL, THARPU",sikkim_pdfs/07_017.pdf
07,SORENG CHAKUNG,18,"GOVT.JR. HIGH SCHOOL, CHOTA SAMDONG ROOM NO. I",sikkim_pdfs/07_018.pdf
07,SORENG CHAKUNG,19,"GOVT.JR. HIGH SCHOOL, CHOTA SAMDONG ROOM NO. II",sikkim_pdfs/07_019.pdf
08,SALGHARI ZOOM (SC),1,"GOVT. SEC. SCHOOL, ZOOM ROOM NO. I",sikkim_pdfs/08_001.pdf
08,SALGHARI ZOOM (SC),2,"GOVT. SEC. SCHOOL, ZOOM ROOM NO. II",sikkim_pdfs/08_002.pdf
08,SALGHARI ZOOM (SC),3,NAYA BAZAR JR. HIGH SCHOOL,sikkim_pdfs/08_003.pdf
08,SALGHARI ZOOM (SC),4,"GOVT. JR. HIGH SCHOOL, SAWALIGAON",sikkim_pdfs/08_004.pdf
08,SALGHARI ZOOM (SC),5,"GOVT. SEC. SCHOOL, GELLING",sikkim_pdfs/08_005.pdf
08,SALGHARI ZOOM (SC),6,"GOVT. JR. HIGH SCHOOL, SEGENG",sikkim_pdfs/08_006.pdf
08,SALGHARI ZOOM (SC),7,"GOVT. JR. HIGH SCHOOL, MABONG",sikkim_pdfs/08_007.pdf
08,SALGHARI ZOOM (SC),8,JORETHANG SR. SEC. SCHOOL ROOM NO.I,sikkim_pdfs/08_008.pdf
08,SALGHARI ZOOM (SC),9,JORETHANG SR. SEC. SCHOOL ROOM NO.II,sikkim_pdfs/08_009.pdf
08,SALGHARI ZOOM (SC),10,JORETHANG SR. SEC. SCHOOL ROOM NO.III,sikkim_pdfs/08_010.pdf
08,SALGHARI ZOOM (SC),11,JORETHANG SR. SEC. SCHOOL ROOM NO.IV,sikkim_pdfs/08_011.pdf
08,SALGHARI ZOOM (SC),12,JORETHANG SR. SEC. SCHOOL ROOM NO.V,sikkim_pdfs/08_012.pdf
09,BARFUNG (BL),1,FAMTAM JR. HIGH SCHOOL,sikkim_pdfs/09_001.pdf
09,BARFUNG (BL),2,BORONG SEC. SCHOOL ROOM NO. I,sikkim_pdfs/09_002.pdf
09,BARFUNG (BL),3,BORONG SEC. SCHOOL ROOM NO. II,sikkim_pdfs/09_003.pdf
09,BARFUNG (BL),4,NAMLUNG JR. HIGH SCHOOL,sikkim_pdfs/09_004.pdf
09,BARFUNG (BL),5,RALONG SEC. SCHOOL ROOM NO. I,sikkim_pdfs/09_005.pdf
09,BARFUNG (BL),6,RALONG SEC. SCHOOL ROOM NO.II,sikkim_pdfs/09_006.pdf
09,BARFUNG (BL),7,DEYTHANG JR. HIGH SCHOOL,sikkim_pdfs/09_007.pdf
09,BARFUNG (BL),8,TARNIM PRY. SCHOOL,sikkim_pdfs/09_008.pdf
09,BARFUNG (BL),9,SANGANATH PANCHAYAT GHAR,sikkim_pdfs/09_009.pdf
09,BARFUNG (BL),10,LOWER RAYONG JR. HIGH SCHOOL,sikkim_pdfs/09_010.pdf
09,BARFUNG (BL),11,ZARUNG SEC. SCHOOL,sikkim_pdfs/09_011.pdf
09,BARFUNG (BL),12,BAKHIM PRY. SCHOOL,sikkim_pdfs/09_012.pdf
09,BARFUNG (BL),13,KEWZING SR. SEC. SCHOOL,sikkim_pdfs/09_013.pdf
09,BARFUNG (BL),14,DALEP JR. HIGH SCHOOL,sikkim_pdfs/09_014.pdf
09,BARFUNG (BL),15,LINGZO PRY. SCHOOL,sikkim_pdfs/09_015.pdf
09,BARFUNG (BL),16,LEGSHEP HINGDAM JR. HIGH SCHOOL,sikkim_pdfs/09_016.pdf
09,BARFUNG (BL),17,MANGBRUE PRY. SCHOOL,sikkim_pdfs/09_017.pdf
09,BARFUNG (BL),18,TINGMO SEC. SCHOOL ROOM NO I,sikkim_pdfs/09_018.pdf
09,BARFUNG (BL),19,BERFUNG PRY. SCHOOL ROOM NO.I,sikkim_pdfs/09_019.pdf
09,BARFUNG (BL),20,BERFUNG PRY. SCHOOL ROOM NO.II,sikkim_pdfs/09_020.pdf
10,POKLOK KAMRANG,1,DAMTHANG SEC. SCHOOL,sikkim_pdfs/10_001.pdf
10,POKLOK KAMRANG,2,LOWER JAUBARI PRY SCHOOL,sikkim_pdfs/10_002.pdf
10,POKLOK KAMRANG,3,TINGRITHANG JR. HIGH SCHOOL,sikkim_pdfs/10_003.pdf
10,POKLOK KAMRANG,4,MAMLEY JR. HIGH SCHOOL,sikkim_pdfs/10_004.pdf
10,POKLOK KAMRANG,5,CCCT CHISOPANI,sikkim_pdfs/10_005.pdf
10,POKLOK KAMRANG,6,DENCHONG JR. HIGH SCHOOL,sikkim_pdfs/10_006.pdf
10,POKLOK KAMRANG,7,NANDUGAON SEC. SCHOOL ROOM NO. I,sikkim_pdfs/10_007.pdf
10,POKLOK KAMRANG,8,NANDUGAON SEC. SCHOOL ROOM NO. II,sikkim_pdfs/10_008.pdf
10,POKLOK KAMRANG,9,TINIK CHISOPANI JR. HIGH SCHOOL,sikkim_pdfs/10_009.pdf
10,POKLOK KAMRANG,10,SALGHARI SEC. SCHOOL ROOM NO.I,sikkim_pdfs/10_010.pdf
10,POKLOK KAMRANG,11,SALGHARI SEC. SCHOOL ROOM NO. II,sikkim_pdfs/10_011.pdf
10,POKLOK KAMRANG,12,GOM JR. HIGH SCHOOL ROOM NO.I,sikkim_pdfs/10_012.pdf
10,POKLOK KAMRANG,13,ASSANGTHANG JR. HIGH SCHOOL ROOM NO.I,sikkim_pdfs/10_013.pdf
10,POKLOK KAMRANG,14,ASSANGTHANG JR. HIGH SCHOOLROOM NO.II,sikkim_pdfs/10_014.pdf
10,POKLOK KAMRANG,15,KAMRANG SEC. SCHOOL,sikkim_pdfs/10_015.pdf
10,POKLOK KAMRANG,16,GOM JR. HIGH SCHOOL ROOM NO. II,sikkim_pdfs/10_016.pdf
10,POKLOK KAMRANG,17,PABONG SEC. SCHOOL,sikkim_pdfs/10_017.pdf
10,POKLOK KAMRANG,18,PAKJER PRY. SCHOOL,sikkim_pdfs/10_018.pdf
10,POKLOK KAMRANG,19,OMCHU SEC. SCHOOL,sikkim_pdfs/10_019.pdf
10,POKLOK KAMRANG,20,CHUMLOK JR. HIGH SCHOOL,sikkim_pdfs/10_020.pdf
10,POKLOK KAMRANG,21,NTL WAK SEC. SCHOOL,sikkim_pdfs/10_021.pdf
11,NAMCHI SINGHITHANG,1,SALLEYBONG JR. HIGH SCHOOL,sikkim_pdfs/11_001.pdf
11,NAMCHI SINGHITHANG,2,JNMIH BOOMTAR ROOM I,sikkim_pdfs/11_002.pdf
11,NAMCHI SINGHITHANG,3,KOPCHEY PRY. SCHOOL,sikkim_pdfs/11_003.pdf
11,NAMCHI SINGHITHANG,4,MIKHOLA JR. HIGH SCHOOL,sikkim_pdfs/11_004.pdf
11,NAMCHI SINGHITHANG,5,RONG SEC. SCHOOL,sikkim_pdfs/11_005.pdf
11,NAMCHI SINGHITHANG,6,SINGTAM PALUM PRY. SCHOOL,sikkim_pdfs/11_006.pdf
11,NAMCHI SINGHITHANG,7,MANIRAM SEC. SCHOOL,sikkim_pdfs/11_007.pdf
11,NAMCHI SINGHITHANG,8,PHALIDARA JR. HIGH SCHOOL,sikkim_pdfs/11_008.pdf
11,NAMCHI SINGHITHANG,9,TINZIR JR. HIGH SCHOOL,sikkim_pdfs/11_009.pdf
11,NAMCHI SINGHITHANG,10,SINGHITHANG PRY. SCHOOL,sikkim_pdfs/11_010.pdf
11,NAMCHI SINGHITHANG,11,NAMCHI SR. SEC. SCHOOL ROOM NO I,sikkim_pdfs/11_011.pdf
11,NAMCHI SINGHITHANG,12,NAMCHI SR. SEC. SCHOOL ROOM NO II,sikkim_pdfs/11_012.pdf
11,NAMCHI SINGHITHANG,13,NAMCHI OLD PRY. SCHOOL ROOM I,sikkim_pdfs/11_013.pdf
11,NAMCHI SINGHITHANG,14,NAMCHI NEW SEC. SCHOOL ROOM NO I,sikkim_pdfs/11_014.pdf
11,NAMCHI SINGHITHANG,15,NAMCHI NEW SEC. SCHOOL ROOM NO. II,sikkim_pdfs/11_015.pdf
11,NAMCHI SINGHITHANG,16,JNMIH BOOMTAR ROOM II,sikkim_pdfs/11_016.pdf
11,NAMCHI SINGHITHANG,17,NAMCHI SR. SEC. SCHOOL ROOM NO III,sikkim_pdfs/11_017.pdf
11,NAMCHI SINGHITHANG,18,PURANO NAMCHI PRY. SCHOOL,sikkim_pdfs/11_018.pdf
12,MELLI,1,KITAM SEC. SCHOOL,sikkim_pdfs/12_001.pdf
12,MELLI,2,KARTIKEY JR. HIGH SCHOOL,sikkim_pdfs/12_002.pdf
12,MELLI,3,SUMBUK SEC. SCHOOL,sikkim_pdfs/12_003.pdf
12,MELLI,4,LUNGCHOK JR. HIGH SCHOOL,sikkim_pdfs/12_004.pdf
12,MELLI,5,KAMAREY JR. HIGH SCHOOL,sikkim_pdfs/12_005.pdf
12,MELLI,6,PANCHGHAREY JR. HIGH SCHOOL,sikkim_pdfs/12_006.pdf
12,MELLI,7,TURUK SEC. SCHOOL,sikkim_pdfs/12_007.pdf
12,MELLI,8,RAMABONG PRY. SCHOOL,sikkim_pdfs/12_008.pdf
12,MELLI,9,KERABARI JR. HIGH SCHOOL,sikkim_pdfs/12_009.pdf
12,MELLI,10,MELLI PAIYONG JR. HIGH SCHOOL,sikkim_pdfs/12_010.pdf
12,MELLI,11,SUNTALEY JR. HIGH SCHOOL,sikkim_pdfs/12_011.pdf
12,MELLI,12,SADAM SR. SEC SCHOOL ROOM NO. I,sikkim_pdfs/12_012.pdf
12,MELLI,13,SADAM SR. SEC. SCHOOL ROOM NO II,sikkim_pdfs/12_013.pdf
12,MELLI,14,RABITAR JR. HIGH SCHOOL,sikkim_pdfs/12_014.pdf
12,MELLI,15,MELLI BAZAR SEC. SCHOOL ROOM NO I,sikkim_pdfs/12_015.pdf
12,MELLI,16,MELLI BAZAR SEC. SCHOOL ROOM NO II,sikkim_pdfs/12_016.pdf
12,MELLI,17,MELLIDARA SEC. SCHOOL,sikkim_pdfs/12_017.pdf
13,NAMTHANG RATEYPANI,1,KABREY SEC. SCHOOL,sikkim_pdfs/13_001.pdf
13,NAMTHANG RATEYPANI,2,KAREK (KAIJALEY) JR. HIGH SCHOOL,sikkim_pdfs/13_002.pdf
13,NAMTHANG RATEYPANI,3,PHONG SEC. SCHOOL,sikkim_pdfs/13_003.pdf
13,NAMTHANG RATEYPANI,4,CHUBA JR. HIGH SCHOOL,sikkim_pdfs/13_004.pdf
13,NAMTHANG RATEYPANI,5,PERBING SR. SEC. SCHOOL ROOM NO.I,sikkim_pdfs/13_005.pdf
13,NAMTHANG RATEYPANI,6,PERBING SR. SEC. SCHOOL ROOM NO.II,sikkim_pdfs/13_006.pdf
13,NAMTHANG RATEYPANI,7,TINGLEY SEC. SCHOOL ROOM NO. I,sikkim_pdfs/13_007.pdf
13,NAMTHANG RATEYPANI,8,TINGLEY SEC. SCHOOL ROOM NO.II,sikkim_pdfs/13_008.pdf
13,NAMTHANG RATEYPANI,9,RABIKHOLA PRY. SCHOOL,sikkim_pdfs/13_009.pdf
13,NAMTHANG RATEYPANI,10,TANGZI PRY. SCHOOL,sikkim_pdfs/13_010.pdf
13,NAMTHANG RATEYPANI,11,BIKMAT SEC. SCHOOL,sikkim_pdfs/13_011.pdf
13,NAMTHANG RATEYPANI,12,RATEYPANI SR. SEC. SCHOOL,sikkim_pdfs/13_012.pdf
13,NAMTHANG RATEYPANI,13,PASSI JR. HIGH SCHOOL,sikkim_pdfs/13_013.pdf
13,NAMTHANG RATEYPANI,14,NAMTHANG SR. SEC. SCHOOL ROOM NO.I,sikkim_pdfs/13_014.pdf
13,NAMTHANG RATEYPANI,15,NAGI PALITAM PRY. SCHOOL,sikkim_pdfs/13_015.pdf
13,NAMTHANG RATEYPANI,16,"GERMAN LEPCHA SEC. SCHOOL, TURUNG",sikkim_pdfs/13_016.pdf
13,NAMTHANG RATEYPANI,17,TEK PRY. SCHOOL,sikkim_pdfs/13_017.pdf
13,NAMTHANG RATEYPANI,18,PAMPHOK PRY. SCHOOL,sikkim_pdfs/13_018.pdf
13,NAMTHANG RATEYPANI,19,KATENG SEC. SCHOOL,sikkim_pdfs/13_019.pdf
13,NAMTHANG RATEYPANI,20,NAMTHANG SR. SEC ROOM NO. II,sikkim_pdfs/13_020.pdf
13,NAMTHANG RATEYPANI,21,DONAK PRY. SCHOOL,sikkim_pdfs/13_021.pdf
13,NAMTHANG RATEYPANI,22,MAMRING JR. HIGH SCHOOL,sikkim_pdfs/13_022.pdf
14,TEMI NAMPHING,1,BERMIOK TOKAL SR. SEC. SCHOOL ROOM NO. I,sikkim_pdfs/14_001.pdf
14,TEMI NAMPHING,2,GANGCHUNG PRY. SCHOOL,sikkim_pdfs/14_002.pdf
14,TEMI NAMPHING,3,TEMI SR. SEC. SCHOOL ROOM NO. I,sikkim_pdfs/14_003.pdf
14,TEMI NAMPHING,4,TEMI SR. SEC. SCHOOL ROOM NO.II,sikkim_pdfs/14_004.pdf
14,TEMI NAMPHING,5,TEMI SR. SEC. SCHOOL ROOM NO.III,sikkim_pdfs/14_005.pdf
14,TEMI NAMPHING,6,TARKU SEC. SCHOOL ROOM NO.I,sikkim_pdfs/14_006.pdf
14,TEMI NAMPHING,7,TARKU SEC. SCHOOL ROOM NO II,sikkim_pdfs/14_007.pdf
14,TEMI NAMPHING,8,TARKU SEC. SCHOOL ROOM NO. III,sikkim_pdfs/14_008.pdf
14,TEMI NAMPHING,9,DARING PRY. SCHOOL,sikkim_pdfs/14_009.pdf
14,TEMI NAMPHING,10,NAMPHING SEC. SCHOOL ROOM NO. III,sikkim_pdfs/14_010.pdf
14,TEMI NAMPHING,11,BERMIOK TOKAL SR. SEC. SCHOOL ROOM NO. II,sikkim_pdfs/14_011.pdf
14,TEMI NAMPHING,12,THANGSING JR. HIGH SCHOOL,sikkim_pdfs/14_012.pdf
14,TEMI NAMPHING,13,LOWER TSALAMTHANG PRY. SCHOOL,sikkim_pdfs/14_013.pdf
14,TEMI NAMPHING,14,NAMPHING SEC. SCHOOL ROOM NO.I,sikkim_pdfs/14_014.pdf
14,TEMI NAMPHING,15,NAMPHING SEC. SCHOOL ROOM NO.II,sikkim_pdfs/14_015.pdf
14,TEMI NAMPHING,16,BERMIOK TOKAL SR. SEC. SCHOOL ROOM NO. III,sikkim_pdfs/14_016.pdf
14,TEMI NAMPHING,17,PABONG DARING SEC. SCHOOL,sikkim_pdfs/14_017.pdf
14,TEMI NAMPHING,18,BEN- NAMPHRIK PRY. SCHOOL,sikkim_pdfs/14_018.pdf
14,TEMI NAMPHING,19,BEN NAMPHRICK PANCHAYAT GHAR,sikkim_pdfs/14_019.pdf
14,TEMI NAMPHING,20,DEO DENTAM PRY. SCHOOL,sikkim_pdfs/14_020.pdf
15,RANGANG YANGANG,1,KARUNGTHANG JR. HIGH SCHOOL ROOM NO.I,sikkim_pdfs/15_001.pdf
15,RANGANG YANGANG,2,VCGL RABONG SR. SEC. SCHOOL ROOM NO.I,sikkim_pdfs/15_002.pdf
15,RANGANG YANGANG,3,VCGL RABONG SR. SEC. SCHOOL ROOM NO.II,sikkim_pdfs/15_003.pdf
15,RANGANG YANGANG,4,NAMPHOK SEC. SCHOOL,sikkim_pdfs/15_004.pdf
15,RANGANG YANGANG,5,KARUNGTHANG JR. HIGH SCHOOL ROOM NO.II,sikkim_pdfs/15_005.pdf
15,RANGANG YANGANG,6,YANGANG SR. SEC. SCHOOL ROOM NO.I,sikkim_pdfs/15_006.pdf
15,RANGANG YANGANG,7,YANGANG SR. SEC. SCHOOL ROOM NO II,sikkim_pdfs/15_007.pdf
15,RANGANG YANGANG,8,SANGMO JR. HIGH SCHOOL ROOM NO.I,sikkim_pdfs/15_008.pdf
15,RANGANG YANGANG,9,SANGMO JR. HIGH SCHOOL ROOM NO. II,sikkim_pdfs/15_009.pdf
15,RANGANG YANGANG,10,LINGMO KOLTHANG SR. SEC. SCHOOL,sikkim_pdfs/15_010.pdf
15,RANGANG YANGANG,11,MANGZING JR. HIGH SCHOOL,sikkim_pdfs/15_011.pdf
15,RANGANG YANGANG,12,SRIPATAM JR. HIGH SCHOOL,sikkim_pdfs/15_012.pdf
15,RANGANG YANGANG,13,TOKDEY PRY. SCHOOL,sikkim_pdfs/15_013.pdf
15,RANGANG YANGANG,14,NEHBRUM SEC. SCHOOL,sikkim_pdfs/15_014.pdf
16,TUMEN LINGI (BL),1,SOKPAY JR. HIGH SCHOOL,sikkim_pdfs/16_001.pdf
16,TUMEN LINGI (BL),2,LINGI SR. SEC. SCHOOL ROOM NO.I,sikkim_pdfs/16_002.pdf
16,TUMEN LINGI (BL),3,LINGI SR. SEC. SCHOOL ROOM NO.II,sikkim_pdfs/16_003.pdf
16,TUMEN LINGI (BL),4,KAW PRY. SCHOOL,sikkim_pdfs/16_004.pdf
16,TUMEN LINGI (BL),5,LINGI PAIYONG JR. HIGH SCHOOL ROOM NO. I,sikkim_pdfs/16_005.pdf
16,TUMEN LINGI (BL),6,LINGI PAIYONG JR. HIGH SCHOOL ROOM NO.II,sikkim_pdfs/16_006.pdf
16,TUMEN LINGI (BL),7,PEPTHANG LOWER PRY. SCHOOL,sikkim_pdfs/16_007.pdf
16,TUMEN LINGI (BL),8,RAKDONG JR. HIGH SCHOOL ROOM NO.I,sikkim_pdfs/16_008.pdf
16,TUMEN LINGI (BL),9,RAKDONG GRAM PRASN KENDRA,sikkim_pdfs/16_009.pdf
16,TUMEN LINGI (BL),10,RAKDONG JR. HIGH SCHOOL ROOM NO.II,sikkim_pdfs/16_010.pdf
16,TUMEN LINGI (BL),11,MARCHAK PRY. SCHOOL,sikkim_pdfs/16_011.pdf
16,TUMEN LINGI (BL),12,SAMDONG SR. SEC. SCHOOL ROOM NO.I,sikkim_pdfs/16_012.pdf
16,TUMEN LINGI (BL),13,RALEY JR. HIGH SCHOOL,sikkim_pdfs/16_013.pdf
16,TUMEN LINGI (BL),14,BARANG PRIMARY SCHOOL,sikkim_pdfs/16_014.pdf
16,TUMEN LINGI (BL),15,TUMIN SEC. SCHOOL ROOM NO.I,sikkim_pdfs/16_015.pdf
16,TUMEN LINGI (BL),16,TUMIN SEC. SCHOOL ROOM NO.II,sikkim_pdfs/16_016.pdf
16,TUMEN LINGI (BL),17,KOKELEY PRIMARY SCHOOL,sikkim_pdfs/16_017.pdf
16,TUMEN LINGI (BL),18,MAKHA SR. SEC. SCHOOL,sikkim_pdfs/16_018.pdf
16,TUMEN LINGI (BL),19,GOVT. JR. HIGH SCHOOL SINGBEL,sikkim_pdfs/16_019.pdf
16,TUMEN LINGI (BL),20,SAMDONG SR. SEC. SCHOOL ROOM NO.III,sikkim_pdfs/16_020.pdf
16,TUMEN LINGI (BL),21,SAMDONG SR. SEC. SCHOOL ROOM NO.II,sikkim_pdfs/16_021.pdf
16,TUMEN LINGI (BL),22,KAMBAL PRY. SCHOOL,sikkim_pdfs/16_022.pdf
17,KHAMDONG SINGTAM,1,SUBITHANG PRY. SCHOOL,sikkim_pdfs/17_001.pdf
17,KHAMDONG SINGTAM,2,GRAM PRASASHAN KENDRA ROOM NO.I,sikkim_pdfs/17_002.pdf
17,KHAMDONG SINGTAM,3,SIMIK LINGZEY JR. HIGH SCHOOL,sikkim_pdfs/17_003.pdf
17,KHAMDONG SINGTAM,4,SONAMATI MEMORIAL SR. SEC. SCHOOL ROOM NO.I,sikkim_pdfs/17_004.pdf
17,KHAMDONG SINGTAM,5,BENG THANGSING PRY. SCHOOL ROOM NO.I,sikkim_pdfs/17_005.pdf
17,KHAMDONG SINGTAM,6,RALAP SEC. SCHOOL,sikkim_pdfs/17_006.pdf
17,KHAMDONG SINGTAM,7,DIPU DARA PRY. SCHOOL,sikkim_pdfs/17_007.pdf
17,KHAMDONG SINGTAM,8,BENG THANGSING PRY. SCHOOL ROOM NO.II,sikkim_pdfs/17_008.pdf
17,KHAMDONG SINGTAM,9,DOCHUM JR. HIGH SCHOOL,sikkim_pdfs/17_009.pdf
17,KHAMDONG SINGTAM,10,NAMGEYTHANG JR. HIGH SCHOOL ROOM NO.I,sikkim_pdfs/17_010.pdf
17,KHAMDONG SINGTAM,11,CHISOPANI JR. HIGH SCHOOL ROOM I,sikkim_pdfs/17_011.pdf
17,KHAMDONG SINGTAM,12,CHISOPANI JR. HIGH SCHOOL ROOM II,sikkim_pdfs/17_012.pdf
17,KHAMDONG SINGTAM,13,RABDANG CHOTANG PRY. SCHOOL,sikkim_pdfs/17_013.pdf
17,KHAMDONG SINGTAM,14,SINGTAM SR. SEC SCHOOL ROOM NO. I,sikkim_pdfs/17_014.pdf
17,KHAMDONG SINGTAM,15,SINGTAM SR. SEC SCHOOL ROOM NO. II,sikkim_pdfs/17_015.pdf
17,KHAMDONG SINGTAM,16,COMMUNITY HALL SINGTAM ROOM NO. I,sikkim_pdfs/17_016.pdf
17,KHAMDONG SINGTAM,17,COMMUNITY HALL SINGTAM ROOM NO. II,sikkim_pdfs/17_017.pdf
17,KHAMDONG SINGTAM,18,COMMUNITY HALL SINGTAM ROOM NO. III,sikkim_pdfs/17_018.pdf
18,WEST PENDAM (SC),1,SAKHUKHANI GOVT. PRY. SCHOOL ROOM NO.I,sikkim_pdfs/18_001.pdf
18,WEST PENDAM (SC),2,SAKHUKHANI GOVT. PRY. SCHOOL ROOM NO.II,sikkim_pdfs/18_002.pdf
18,WEST PENDAM (SC),3,ADVANCE TECHNICAL TRAINING CENTRE BORDANG ROOM NO.I,sikkim_pdfs/18_003.pdf
18,WEST PENDAM (SC),4,ADVANCE TECHNICAL TRAINING CENTRE BORDANG ROOM NO.II,sikkim_pdfs/18_004.pdf
18,WEST PENDAM (SC),5,TIKALAL NIROLA SR. SEC. SCHOOL ROOM NO. I,sikkim_pdfs/18_005.pdf
18,WEST PENDAM (SC),6,TIKALAL NIROLA SR. SEC. SCHOOL ROOM NO. II,sikkim_pdfs/18_006.pdf
18,WEST PENDAM (SC),7,DUGA SEC. SCHOOL ROOM NO.I,sikkim_pdfs/18_007.pdf
18,WEST PENDAM (SC),8,DUGA SEC. SCHOOL ROOM NO.II,sikkim_pdfs/18_008.pdf
18,WEST PENDAM (SC),9,DUGA SEC. SCHOOL ROOM NO.III,sikkim_pdfs/18_009.pdf
18,WEST PENDAM (SC),10,DUGA SEC. SCHOOL ROOM NO.IV,sikkim_pdfs/18_010.pdf
18,WEST PENDAM (SC),11,MAJITAR JR. HIGH SCHOOL ROOM I,sikkim_pdfs/18_011.pdf
18,WEST PENDAM (SC),12,MAJITAR JR. HIGH SCHOOL ROOM II,sikkim_pdfs/18_012.pdf
18,WEST PENDAM (SC),13,GOVT. SR. SEC. SCHOOL MINING,sikkim_pdfs/18_013.pdf
18,WEST PENDAM (SC),14,RANGPO JR. HIGH SCHOOL ROOM NO. 1,sikkim_pdfs/18_014.pdf
18,WEST PENDAM (SC),15,RANGPO JR.HIGH SCHOOL ROOM NO. II,sikkim_pdfs/18_015.pdf
18,WEST PENDAM (SC),16,RANGPO JR. HIGH SCHOOL ROOM NO. III,sikkim_pdfs/18_016.pdf
19,RHENOCK,1,SAJONG JR. HIGH SCHOOL,sikkim_pdfs/19_001.pdf
19,RHENOCK,2,BHASMEY JR. HIGH SCHOOL ROOM NO.I,sikkim_pdfs/19_002.pdf
19,RHENOCK,3,BHASMEY JR. HIGH SCHOOL ROOM NO.II,sikkim_pdfs/19_003.pdf
19,RHENOCK,4,PACHAK SEC. SCHOOL ROOM NO.I,sikkim_pdfs/19_004.pdf
19,RHENOCK,5,PACHAK SEC. SCHOOL ROOM NO.II,sikkim_pdfs/19_005.pdf
19,RHENOCK,6,PADAMCHEY SEC. SCHOOL ROOM NO.I,sikkim_pdfs/19_006.pdf
19,RHENOCK,7,PADAMCHEY SEC. SCHOOL ROOM NO.II,sikkim_pdfs/19_007.pdf
19,RHENOCK,8,MAMRING SR. SEC. SCHOOL ROOM NO.I,sikkim_pdfs/19_008.pdf
19,RHENOCK,9,MAMRING SR. SEC. SCHOOL ROOM NO.II,sikkim_pdfs/19_009.pdf
19,RHENOCK,10,DICKLING SUB DIV. AGRICULTURE OFFICE ROOM NO.I,sikkim_pdfs/19_010.pdf
19,RHENOCK,11,DICKLING SUB DIV. AGRICULTURE OFFICE ROOM NO.II,sikkim_pdfs/19_011.pdf
19,RHENOCK,12,PACHEYKHANI SEC. SCHOOL ROOM NO.I,sikkim_pdfs/19_012.pdf
19,RHENOCK,13,PACHEYKHANI SEC. SCHOOL ROOM NO.II,sikkim_pdfs/19_013.pdf
19,RHENOCK,14,RORATHANG SEC. SCHOOL,sikkim_pdfs/19_014.pdf
19,RHENOCK,15,TAZA JR. HIGH SCHOOL ROOM NO I,sikkim_pdfs/19_015.pdf
19,RHENOCK,16,DUGALAKHA JHS,sikkim_pdfs/19_016.pdf
19,RHENOCK,17,TITRIBOTEY PRY. SCHOOL,sikkim_pdfs/19_017.pdf
19,RHENOCK,18,KAPUTHANG PRY.SCHOOL ROOM NO.I,sikkim_pdfs/19_018.pdf
19,RHENOCK,19,SALGHARI PRY. SCHOOL,sikkim_pdfs/19_019.pdf
19,RHENOCK,20,TARPIN SEC. SCHOOL ROOM NO.I,sikkim_pdfs/19_020.pdf
19,RHENOCK,21,TARPIN SEC. SCHOOL ROOM NO.II,sikkim_pdfs/19_021.pdf
19,RHENOCK,22,RHENOCK JR. HIGH SCHOOL ROOM NO.I,sikkim_pdfs/19_022.pdf
19,RHENOCK,23,RHENOCK JR. HIGH SCHOOL ROOM NO.II,sikkim_pdfs/19_023.pdf
19,RHENOCK,24,RHENOCK RESHI PRY. SCHOOL,sikkim_pdfs/19_024.pdf
19,RHENOCK,25,"RHENOCK GRAM PRASASAN KENDRA, RUNGDUNG",sikkim_pdfs/19_025.pdf
19,RHENOCK,26,"GRAM VIKASH KENDRA, RHENOCK",sikkim_pdfs/19_026.pdf
20,CHUJACHEN,1,CHUJACHEN SR. SEC. SCHOOL ROOM NO.I,sikkim_pdfs/20_001.pdf
20,CHUJACHEN,2,CHUJACHEN SR. SEC. SCHOOL ROOM NO.II,sikkim_pdfs/20_002.pdf
20,CHUJACHEN,3,LOKDARA PRIMARY SCHOOL,sikkim_pdfs/20_003.pdf
20,CHUJACHEN,4,RONGLI JR. HIGH SCHOOL ROOM NO.I,sikkim_pdfs/20_004.pdf
20,CHUJACHEN,5,RONGLI JR. HIGH SCHOOL ROOM NO.II,sikkim_pdfs/20_005.pdf
20,CHUJACHEN,6,RONGLI JR. HIGH SCHOOL ROOM NO.III,sikkim_pdfs/20_006.pdf
20,CHUJACHEN,7,ARITAR SEC. SCHOOL,sikkim_pdfs/20_007.pdf
20,CHUJACHEN,8,DALAPCHAND SEC. SCHOOL ROOM NO.I,sikkim_pdfs/20_008.pdf
20,CHUJACHEN,9,DALAPCHAND SEC. SCHOOL ROOM NO.II,sikkim_pdfs/20_009.pdf
20,CHUJACHEN,10,SOUTH REGU JR. HIGH SCHOOL,sikkim_pdfs/20_010.pdf
20,CHUJACHEN,11,PWD GUEST HOUSE,sikkim_pdfs/20_011.pdf
20,CHUJACHEN,12,RHENOCK KHAMDONG JR. HIGH SCHOOL,sikkim_pdfs/20_012.pdf
20,CHUJACHEN,13,LINGTAM PRASASHAN KENDRA,sikkim_pdfs/20_013.pdf
20,CHUJACHEN,14,SUBANEYDARA PRY. SCHOOL,sikkim_pdfs/20_014.pdf
20,CHUJACHEN,15,NORTH REGU JR. HIGH SCHOOL,sikkim_pdfs/20_015.pdf
20,CHUJACHEN,16,RHENOCK SR. SEC. SCHOOL ROOM NO.I,sikkim_pdfs/20_016.pdf
20,CHUJACHEN,17,RHENOCK SR. SEC. SCHOOL ROOM NO.II,sikkim_pdfs/20_017.pdf
20,CHUJACHEN,18,PHADAMCHEN SEC. SCHOOL,sikkim_pdfs/20_018.pdf
20,CHUJACHEN,19,NIMACHEN PRY. SCHOOL,sikkim_pdfs/20_019.pdf
20,CHUJACHEN,20,ARUBOTEY COMMUNITY CENTER,sikkim_pdfs/20_020.pdf
20,CHUJACHEN,21,BIRING JR. HIGH SCHOOL,sikkim_pdfs/20_021.pdf
20,CHUJACHEN,22,TAREYTHANG JR. HIGH SCHOOL,sikkim_pdfs/20_022.pdf
20,CHUJACHEN,23,SUDUNGLAKHA SEC. SCHOOL,sikkim_pdfs/20_023.pdf
20,CHUJACHEN,24,MULUKEY JR. HIGH SCHOOL,sikkim_pdfs/20_024.pdf
20,CHUJACHEN,25,LOWER DALAPCHEN PRY. SCHOOL,sikkim_pdfs/20_025.pdf
21,GNATHANG MACHONG (BL),1,ROLEP SEC. SCHOOL,sikkim_pdfs/21_001.pdf
21,GNATHANG MACHONG (BL),2,LATUK PRY. SCHOOL,sikkim_pdfs/21_002.pdf
21,GNATHANG MACHONG (BL),3,LAMATEN PRY. SCHOOL,sikkim_pdfs/21_003.pdf
21,GNATHANG MACHONG (BL),4,CHOCHENPHERI JR. HIGH SCHOOL,sikkim_pdfs/21_004.pdf
21,GNATHANG MACHONG (BL),5,PHERI PRY. SCHOOL,sikkim_pdfs/21_005.pdf
21,GNATHANG MACHONG (BL),6,PARKHA JR. HIGH SCHOOL,sikkim_pdfs/21_006.pdf
21,GNATHANG MACHONG (BL),7,MACHONG SR. SEC. SCHOOL ROOM NO.I,sikkim_pdfs/21_007.pdf
21,GNATHANG MACHONG (BL),8,MACHONG SR. SEC. SCHOOL ROOM NO.II,sikkim_pdfs/21_008.pdf
21,GNATHANG MACHONG (BL),9,LOSSING PRY.SCHOOL,sikkim_pdfs/21_009.pdf
21,GNATHANG MACHONG (BL),10,THEKABUNG SANSKRIT PATHSALA,sikkim_pdfs/21_010.pdf
21,GNATHANG MACHONG (BL),11,LINKEY SEC. SCHOOL,sikkim_pdfs/21_011.pdf
21,GNATHANG MACHONG (BL),12,PAKYONG RANGE OFFICE ROOM NO.I,sikkim_pdfs/21_012.pdf
21,GNATHANG MACHONG (BL),13,PAKYONG RANGE OFFICE ROOM NO.II,sikkim_pdfs/21_013.pdf
21,GNATHANG MACHONG (BL),14,PAKYONG SUB DIVISIONAL ADMINISTRATIVE CENTRE R.NO.I,sikkim_pdfs/21_014.pdf
21,GNATHANG MACHONG (BL),15,PAKYONG SUB DIVISIONAL ADMINISTRATIVE CENTRE R.NO.II,sikkim_pdfs/21_015.pdf
21,GNATHANG MACHONG (BL),16,THEGU PRY. SCHOOL,sikkim_pdfs/21_016.pdf
21,GNATHANG MACHONG (BL),17,KUPUP PRY. SCHOOL,sikkim_pdfs/21_017.pdf
21,GNATHANG MACHONG (BL),18,GNATHANG PRY. SCHOOL ROOM NO.I,sikkim_pdfs/21_018.pdf
21,GNATHANG MACHONG (BL),19,ZOLUK PRY. SCHOOL,sikkim_pdfs/21_019.pdf
22,NAMCHEYBONG,1,LOWER SUMIN SEC. SCHOOL ROOM NO.I,sikkim_pdfs/22_001.pdf
22,NAMCHEYBONG,2,LOWER SUMIN SEC. SCHOOL ROOM NO.II,sikkim_pdfs/22_002.pdf
22,NAMCHEYBONG,3,SUMIN LINGJEY SEC. SCHOOL,sikkim_pdfs/22_003.pdf
22,NAMCHEYBONG,4,ASSAM LINGJEY SR. SEC. SCHOOL ROOM NO.I,sikkim_pdfs/22_004.pdf
22,NAMCHEYBONG,5,ASSAM LINGJEY SR. SEC. SCHOOL ROOM NO.II,sikkim_pdfs/22_005.pdf
22,NAMCHEYBONG,6,GAUCHARAN JR. HIGH SCHOOL ROOM NO. I,sikkim_pdfs/22_006.pdf
22,NAMCHEYBONG,7,GAUCHARAN JR. HIGH SCHOOL ROOM NO. II,sikkim_pdfs/22_007.pdf
22,NAMCHEYBONG,8,AHOPHUL KISSAN JR. HIGH SCHOOL ROOM NO.I,sikkim_pdfs/22_008.pdf
22,NAMCHEYBONG,9,AHOPHUL KISSAN JR. HIGH SCHOOL ROOM NO.II,sikkim_pdfs/22_009.pdf
22,NAMCHEYBONG,10,AHO YANGTAM PRY. SCHOOL,sikkim_pdfs/22_010.pdf
22,NAMCHEYBONG,11,RAIGAON JR. HIGH SCHOOL,sikkim_pdfs/22_011.pdf
22,NAMCHEYBONG,12,NAMCHEYBONG SEC. SCHOOL ROOM NO.I,sikkim_pdfs/22_012.pdf
22,NAMCHEYBONG,13,NAMCHEYBONG SEC. SCHOOL ROOM NO.II,sikkim_pdfs/22_013.pdf
22,NAMCHEYBONG,14,NIMTAR JR. HIGH SCHOOL,sikkim_pdfs/22_014.pdf
22,NAMCHEYBONG,15,AHO SENTI HIGH SCHOOL,sikkim_pdfs/22_015.pdf
22,NAMCHEYBONG,16,SIKKIM UNIVERSITY BUILDING ROOM I,sikkim_pdfs/22_016.pdf
22,NAMCHEYBONG,17,SIKKIM UNIVERSITY BUILDING ROOM II,sikkim_pdfs/22_017.pdf
22,NAMCHEYBONG,18,SUN PHARMA GUEST HOUSE,sikkim_pdfs/22_018.pdf
23,SHYARI (BL),1,NANDOK SEC. SCHOOL,sikkim_pdfs/23_001.pdf
23,SHYARI (BL),2,LOWER NANDOK JHS,sikkim_pdfs/23_002.pdf
23,SHYARI (BL),3,PABYUK SEC. HIGH SCHOOL,sikkim_pdfs/23_003.pdf
23,SHYARI (BL),4,NAMONG ARITHANG JR. HIGH SCHOOL,sikkim_pdfs/23_004.pdf
23,SHYARI (BL),5,TATHANGCHEN SEC. SCHOOL,sikkim_pdfs/23_005.pdf
23,SHYARI (BL),6,CHONGEYTAR PRY. SCHOOL,sikkim_pdfs/23_006.pdf
23,SHYARI (BL),7,BHUSUK JR. HIGH SCHOOL,sikkim_pdfs/23_007.pdf
23,SHYARI (BL),8,MIDDLE SHYARI PRY.SCHOOL,sikkim_pdfs/23_008.pdf
23,SHYARI (BL),9,(KOPIBARI)UPPER SHYARI JR. HIGH SCHOOL (LOWER BUILDING) ROOM NO.I,sikkim_pdfs/23_009.pdf
23,SHYARI (BL),10,LOWER SHYARI SEC. SCHOOL ROOM NO.I,sikkim_pdfs/23_010.pdf
23,SHYARI (BL),11,"COMMUNITY CENTER, RONGAY (WEST)",sikkim_pdfs/23_011.pdf
23,SHYARI (BL),12,ROGNEK JR. HIGH SCHOOL ROOM NO.I,sikkim_pdfs/23_012.pdf
23,SHYARI (BL),13,ROGNEK JR. HIGH SCHOOL ROOM NO.II,sikkim_pdfs/23_013.pdf
23,SHYARI (BL),14,ROGNEK JR. HIGH SCHOOL ROOM NO.III,sikkim_pdfs/23_014.pdf
23,SHYARI (BL),15,MODERN SEC. SCHOOL ROOM NO.I,sikkim_pdfs/23_015.pdf
23,SHYARI (BL),16,MODERN SEC. SCHOOL ROOM NO.II,sikkim_pdfs/23_016.pdf
23,SHYARI (BL),17,MODERN SEC. SCHOOL ROOM NO.III,sikkim_pdfs/23_017.pdf
24,MARTAM RUMTEK (BL),1,SONG SR. SEC. SCHOOL ROOM NO.I,sikkim_pdfs/24_001.pdf
24,MARTAM RUMTEK (BL),2,SONG SR. SEC. SCHOOL ROOM NO.II,sikkim_pdfs/24_002.pdf
24,MARTAM RUMTEK (BL),3,MARTAM SEC. SCHOOL ROOM NO.I,sikkim_pdfs/24_003.pdf
24,MARTAM RUMTEK (BL),4,MARTAM SEC. SCHOOL ROOM NO.II,sikkim_pdfs/24_004.pdf
24,MARTAM RUMTEK (BL),5,TIRKUTAM PRY. SCHOOL ROOM NO.I,sikkim_pdfs/24_005.pdf
24,MARTAM RUMTEK (BL),6,TUMALBUNG JR. HIGH SCHOOL ROOM NO.I,sikkim_pdfs/24_006.pdf
24,MARTAM RUMTEK (BL),7,RAWTEY RUMTEK GRAM PRASASHAN KENDRA ROOM NO.I,sikkim_pdfs/24_007.pdf
24,MARTAM RUMTEK (BL),8,MIDDLE CAMP SEC. SCHOOL ROOM NO.I,sikkim_pdfs/24_008.pdf
24,MARTAM RUMTEK (BL),9,SAMLIK ALEY JR. HIGH SCHOOL,sikkim_pdfs/24_009.pdf
24,MARTAM RUMTEK (BL),10,"BIRASPATI PARSAI MEMORIAL SR. SEC. SCHOOL, RANIPOOL",sikkim_pdfs/24_010.pdf
24,MARTAM RUMTEK (BL),11,SONG TSHALUMTHANG SEC. HIGH SCHOOL,sikkim_pdfs/24_011.pdf
24,MARTAM RUMTEK (BL),12,SANGKHOLA PRY. SCHOOL,sikkim_pdfs/24_012.pdf
24,MARTAM RUMTEK (BL),13,ADAMPUL JR. HIGH SCHOOL,sikkim_pdfs/24_013.pdf
24,MARTAM RUMTEK (BL),14,RUMTEK SR. SEC. SCHOOL ROOM NO.I,sikkim_pdfs/24_014.pdf
24,MARTAM RUMTEK (BL),15,RANKA BAC ROOM NO.I,sikkim_pdfs/24_015.pdf
24,MARTAM RUMTEK (BL),16,RANKA BAC ROOM NO.II,sikkim_pdfs/24_016.pdf
24,MARTAM RUMTEK (BL),17,MARTAM YANGTAM JR. HIGH SCHOOL,sikkim_pdfs/24_017.pdf
24,MARTAM RUMTEK (BL),18,RUMTEK SR. SEC. SCHOOL ROOM NO.III,sikkim_pdfs/24_018.pdf
24,MARTAM RUMTEK (BL),19,REY GRAM PRASASAN KENDRA,sikkim_pdfs/24_019.pdf
24,MARTAM RUMTEK (BL),20,SAMA LINGDUM JR. HIGH SCHOOL ROOM NO.I,sikkim_pdfs/24_020.pdf
24,MARTAM RUMTEK (BL),21,SAMA LINGDUM JR. HIGH SCHOOL ROOM NO.II,sikkim_pdfs/24_021.pdf
25,UPPER TADONG,1,TADONG KRISHI BHAWAN ROOM NO. I,sikkim_pdfs/25_001.pdf
25,UPPER TADONG,2,TADONG KRISHI BHAWAN ROOM NO. II,sikkim_pdfs/25_002.pdf
25,UPPER TADONG,3,"SAHAKARI BHAWAN ,TADONG ROOM NO. I",sikkim_pdfs/25_003.pdf
25,UPPER TADONG,4,"SAHAKARI BHAWAN, TADONG ROOM NO. II",sikkim_pdfs/25_004.pdf
25,UPPER TADONG,5,TADONG SR. SEC. SCHOOL ROOM NO I,sikkim_pdfs/25_005.pdf
25,UPPER TADONG,6,TADONG SR. SEC. SCHOOL ROOM NO II,sikkim_pdfs/25_006.pdf
25,UPPER TADONG,7,TADONG SR. SEC. SCHOOL ROOM NO III,sikkim_pdfs/25_007.pdf
25,UPPER TADONG,8,TADONG SR. SEC. SCHOOL ROOM NO IV,sikkim_pdfs/25_008.pdf
26,ARITHANG,1,ARITHANG JR. HIGH SCHOOL ROOM NO. I,sikkim_pdfs/26_001.pdf
26,ARITHANG,2,ARITHANG JR. HIGH SCHOOL ROOM NO. II,sikkim_pdfs/26_002.pdf
26,ARITHANG,3,ARITHANG JR. HIGH SCHOOL ROOM NO. III,sikkim_pdfs/26_003.pdf
26,ARITHANG,4,"HOUSING BOARD OFFICE, ROOM NO I",sikkim_pdfs/26_004.pdf
26,ARITHANG,5,HOUSING BOARD OFFICE ROOM NO. II,sikkim_pdfs/26_005.pdf
26,ARITHANG,6,OLD SECRETARIET ROOM NO. I,sikkim_pdfs/26_006.pdf
26,ARITHANG,7,OLD SECRETARIET ROOM NO. IV,sikkim_pdfs/26_007.pdf
26,ARITHANG,8,OLD SECRETARIET ROOM NO. II,sikkim_pdfs/26_008.pdf
26,ARITHANG,9,OLD SECRETARIET ROOM NO III,sikkim_pdfs/26_009.pdf
26,ARITHANG,10,DEORALI SR. SEC. SCHOOL ROOM NO I,sikkim_pdfs/26_010.pdf
26,ARITHANG,11,DEORALI SR. SEC. SCHOOL ROOM NO. II,sikkim_pdfs/26_011.pdf
26,ARITHANG,12,UPPER SHYARI JR. HIGH SCHOOL (UPPER BUILDING) ROOM NO I,sikkim_pdfs/26_012.pdf
27,GANGTOK (BL),1,URBAN DEVELOPMENT & HOUSING DEPARTMENT ROOM NO. I,sikkim_pdfs/27_001.pdf
27,GANGTOK (BL),2,URBAN DEVELOPMENT & HOUSING DEPARTMENT ROOM NO II,sikkim_pdfs/27_002.pdf
27,GANGTOK (BL),3,PALJOR NAMGYAL GIRLS SR.SEC. SCHOOL LOWER BUILDING,sikkim_pdfs/27_003.pdf
27,GANGTOK (BL),4,PALJOR NAMGYAL GIRLS S.S. SCHOOL UPPER BUILDING ROOM NO I,sikkim_pdfs/27_004.pdf
27,GANGTOK (BL),5,PALJOR NAMGYAL GIRLS S.S. SCHOOL UPPER BUILDING ROOM NO II,sikkim_pdfs/27_005.pdf
27,GANGTOK (BL),6,TASHI NAMGYAL SR.SEC SCHOOL ROOM NO.I,sikkim_pdfs/27_006.pdf
27,GANGTOK (BL),7,TASHI NAMGYAL SR. SEC. SCHOOL ROOM NO. II,sikkim_pdfs/27_007.pdf
27,GANGTOK (BL),8,TASHI NAMGYAL SR. SEC. SCHOOL ROOM NO. III,sikkim_pdfs/27_008.pdf
27,GANGTOK (BL),9,SIKKIM NATIONALISED TRANSPORT BOOKING OFFICE,sikkim_pdfs/27_009.pdf
27,GANGTOK (BL),10,POWER SECRETARIAT,sikkim_pdfs/27_010.pdf
27,GANGTOK (BL),11,WHITE HALL,sikkim_pdfs/27_011.pdf
28,UPPER BURTUK,1,LUING SR. SEC. SCHOOL ROOM NO.I,sikkim_pdfs/28_001.pdf
28,UPPER BURTUK,2,THAMIDARA JR. HIGH SCHOOL,sikkim_pdfs/28_002.pdf
28,UPPER BURTUK,3,DOKSING PRY.SCHOOL,sikkim_pdfs/28_003.pdf
28,UPPER BURTUK,4,PARBING JR. HIGH SCHOOL,sikkim_pdfs/28_004.pdf
28,UPPER BURTUK,5,RANKA SR. SEC. SCHOOL ROOM NO.II,sikkim_pdfs/28_005.pdf
28,UPPER BURTUK,6,RANKA RAIGAON PRY.SCHOOL,sikkim_pdfs/28_006.pdf
28,UPPER BURTUK,7,BURTUK JR. HIGH SCHOOL ROOM NO. III,sikkim_pdfs/28_007.pdf
28,UPPER BURTUK,8,BURTUK JR. HIGH SCHOOL ROOM NO. IV,sikkim_pdfs/28_008.pdf
28,UPPER BURTUK,9,DISTRICT ADMINISTRATIVE CENTRE ROOM NO. I,sikkim_pdfs/28_009.pdf
28,UPPER BURTUK,10,DISTRICT ADMINISTRATIVE CENTRE ROOM NO. II,sikkim_pdfs/28_010.pdf
28,UPPER BURTUK,11,ZILLA PANCHYAT BHAWAN,sikkim_pdfs/28_011.pdf
28,UPPER BURTUK,12,DISTRICT ADMINISTRATIVE CENTRE ROOM NO. III,sikkim_pdfs/28_012.pdf
28,UPPER BURTUK,13,SICHEY SEC. SCHOOL ROOM NO. I,sikkim_pdfs/28_013.pdf
28,UPPER BURTUK,14,SICHEY SEC. SCHOOL ROOM NO. II,sikkim_pdfs/28_014.pdf
28,UPPER BURTUK,15,BURTUK JR.HIGH SCHOOL ROOM NO. I,sikkim_pdfs/28_015.pdf
28,UPPER BURTUK,16,BURTUK JR. HIGH SCHOOL ROOM NO.II,sikkim_pdfs/28_016.pdf
29,KABI LUNGCHUK (BL),1,PENLONG SEC. SCHOOL ROOM NO.I,sikkim_pdfs/29_001.pdf
29,KABI LUNGCHUK (BL),2,PENLONG SEC. SCHOOL ROOM NO.II,sikkim_pdfs/29_002.pdf
29,KABI LUNGCHUK (BL),3,NAVEY PRY. SCHOOL,sikkim_pdfs/29_003.pdf
29,KABI LUNGCHUK (BL),4,LINGDOK SR. SEC. SCHOOL,sikkim_pdfs/29_004.pdf
29,KABI LUNGCHUK (BL),5,NAMPONG JHS,sikkim_pdfs/29_005.pdf
29,KABI LUNGCHUK (BL),6,PANGTHANG JHS,sikkim_pdfs/29_006.pdf
29,KABI LUNGCHUK (BL),7,4TH MILE JR. HIGH SCHOOL,sikkim_pdfs/29_007.pdf
29,KABI LUNGCHUK (BL),8,10TH MILE PR. SCHOOL,sikkim_pdfs/29_008.pdf
29,KABI LUNGCHUK (BL),9,FOREST BO OFFICE KYONGNOSLA,sikkim_pdfs/29_009.pdf
29,KABI LUNGCHUK (BL),10,ENCHEY SR. SEC. SCHOOL,sikkim_pdfs/29_010.pdf
29,KABI LUNGCHUK (BL),11,GOVT. RAMTHANG PRY. SCHOOL,sikkim_pdfs/29_011.pdf
29,KABI LUNGCHUK (BL),12,GOVT. PHODONG SR SEC SCHOOL ROOM NO.I,sikkim_pdfs/29_012.pdf
29,KABI LUNGCHUK (BL),13,GOVT. PHODONG SR SEC SCHOOL ROOM NO.II,sikkim_pdfs/29_013.pdf
29,KABI LUNGCHUK (BL),14,GOVT. PHENSONG SEC SCHOOL,sikkim_pdfs/29_014.pdf
29,KABI LUNGCHUK (BL),15,GOVT. LABI PRY. SCHOOL,sikkim_pdfs/29_015.pdf
29,KABI LUNGCHUK (BL),16,GOVT. PHAMTAM JR. HIGH SCHOOL,sikkim_pdfs/29_016.pdf
29,KABI LUNGCHUK (BL),17,"BAC, KABI",sikkim_pdfs/29_017.pdf
29,KABI LUNGCHUK (BL),18,GOVT. TINGDA PRY. SCHOOL,sikkim_pdfs/29_018.pdf
30,DJONGU(BL),1,"GOVT. SEC SCHOOL, TINGBVONG",sikkim_pdfs/30_001.pdf
30,DJONGU(BL),2,"GOVT. PRY SCHOOL, PENTONG",sikkim_pdfs/30_002.pdf
30,DJONGU(BL),3,"GOVT. SEC. SCHOOL, LINGDONG",sikkim_pdfs/30_003.pdf
30,DJONGU(BL),4,"GOVT. PRY. SCHOOL, BERFOK",sikkim_pdfs/30_004.pdf
30,DJONGU(BL),5,HEE GYATHANG SR. SEC SCHOOL,sikkim_pdfs/30_005.pdf
30,DJONGU(BL),6,"GOVT. JR. HIGH SCHOOL, SAMDONG",sikkim_pdfs/30_006.pdf
30,DJONGU(BL),7,"GOVT. PRY. SCHOOL, LINGDEM",sikkim_pdfs/30_007.pdf
30,DJONGU(BL),8,"GOVT. JR. HIGH SCHOOL, LINGTHEM",sikkim_pdfs/30_008.pdf
30,DJONGU(BL),9,"GOVT SEC SCHOOL, POSSINGDONG",sikkim_pdfs/30_009.pdf
30,DJONGU(BL),10,"GOVT JR. HIGH SCHOOL, SALIM PAKHEL",sikkim_pdfs/30_010.pdf
30,DJONGU(BL),11,"GOVT SEC SCHOOL, GOR",sikkim_pdfs/30_011.pdf
30,DJONGU(BL),12,"GOVT. ICDS CENTER, SANGTOK",sikkim_pdfs/30_012.pdf
30,DJONGU(BL),13,GOVT. LUM PRY SCHOOL,sikkim_pdfs/30_013.pdf
30,DJONGU(BL),14,SHIPGYER PANCHAYAT GHAR,sikkim_pdfs/30_014.pdf
30,DJONGU(BL),15,GOVT. TINGCHEM JR. HIGH SCHOOL,sikkim_pdfs/30_015.pdf
30,DJONGU(BL),16,"OFFICE OF THE EXECUTIVE ENGINEER, POWER, NORTH DISTRICT MANGAN ROOM I",sikkim_pdfs/30_016.pdf
30,DJONGU(BL),17,MANGSHILA PANCHAYAT GHAR,sikkim_pdfs/30_017.pdf
30,DJONGU(BL),18,GOVT. MANGSHILA SR. SEC. SCHOOL,sikkim_pdfs/30_018.pdf
30,DJONGU(BL),19,"GOVT.JR. HIGH SCHOOL, TIBUK",sikkim_pdfs/30_019.pdf
30,DJONGU(BL),20,GOVT. NAMOK JR. HIGH SCHOOL,sikkim_pdfs/30_020.pdf
30,DJONGU(BL),21,"OFFICE OF THE EXECUTIVE ENGINEER, POWER, NORTH DISTRICT MANGAN ROOM II",sikkim_pdfs/30_021.pdf
31,LACHEN MANGAN (BL),1,GOVT. LACHEN SEC SCHOOL,sikkim_pdfs/31_001.pdf
31,LACHEN MANGAN (BL),2,GOVT. LACHUNG SEC. SCHOOL,sikkim_pdfs/31_002.pdf
31,LACHEN MANGAN (BL),3,GOVT. SHERCHOK JR. HIGH SCHOOL,sikkim_pdfs/31_003.pdf
31,LACHEN MANGAN (BL),4,GOVT. CHUNGTHANG. SEC SCHOOL,sikkim_pdfs/31_004.pdf
31,LACHEN MANGAN (BL),5,GOVT. SINGHIK SEC SCHOOL,sikkim_pdfs/31_005.pdf
31,LACHEN MANGAN (BL),6,GOVT. NAGA JR. HIGH SCHOOL,sikkim_pdfs/31_006.pdf
31,LACHEN MANGAN (BL),7,GOVT. PAKSHEP JR. HIGH SCHOOL,sikkim_pdfs/31_007.pdf
31,LACHEN MANGAN (BL),8,GOVT. RINGHIM JR. HIGH SCHOOL,sikkim_pdfs/31_008.pdf
31,LACHEN MANGAN (BL),9,"GOVT SR. SEC SCHOOL, MANGAN",sikkim_pdfs/31_009.pdf
31,LACHEN MANGAN (BL),10,BAC( MANGAN OLD DIST. HOSPITAL),sikkim_pdfs/31_010.pdf
31,LACHEN MANGAN (BL),11,MANGAN NAGAR PANCHAYAT OFFICE,sikkim_pdfs/31_011.pdf
32,SANGHA,1,DUBDI SANGHA GOMPA,sikkim_pdfs/32_001.pdf
32,SANGHA,2,KHECHOPHERI GOMPA,sikkim_pdfs/32_002.pdf
32,SANGHA,3,PAU HUNGRI GOMPA,sikkim_pdfs/32_003.pdf
32,SANGHA,4,MELLI GOMPA,sikkim_pdfs/32_004.pdf
32,SANGHA,5,PEMAYANGTSE GOMPA,sikkim_pdfs/32_005.pdf
32,SANGHA,6,TASHIDING CHOGYAL LHAKANG GOMPA,sikkim_pdfs/32_006.pdf
32,SANGHA,7,SANGACHOLING GOMPA,sikkim_pdfs/32_007.pdf
32,SANGHA,8,LHUNTSE GOMPA,sikkim_pdfs/32_008.pdf
32,SANGHA,9,RINCHENPONG GOMPA,sikkim_pdfs/32_009.pdf
32,SANGHA,10,CHAKUNG GOMPA,sikkim_pdfs/32_010.pdf
32,SANGHA,11,ANDEN WOLUNG GOMPA,sikkim_pdfs/32_011.pdf
32,SANGHA,12,KITAM NYANGMA GOMPA,sikkim_pdfs/32_012.pdf
32,SANGHA,13,RALONG KAGYUD GOMPA,sikkim_pdfs/32_013.pdf
32,SANGHA,14,DOLLING RIKZIN LANOYANG GOMPA,sikkim_pdfs/32_014.pdf
32,SANGHA,15,KHOSING MANGBRO GOMPA,sikkim_pdfs/32_015.pdf
32,SANGHA,16,WAK SAMTEN CHOLING GOMPA,sikkim_pdfs/32_016.pdf
32,SANGHA,17,NAMCHI BOOMTAR GOMPA,sikkim_pdfs/32_017.pdf
32,SANGHA,18,NAMCHI NGADAK GOMPA,sikkim_pdfs/32_018.pdf
32,SANGHA,19,MELLI TASHI CHODARLING GOMPA,sikkim_pdfs/32_019.pdf
32,SANGHA,20,NAMTHANG NORBUCHOLING GOMPA,sikkim_pdfs/32_020.pdf
32,SANGHA,21,BARMIOK WOSELCHOLING GOMPA,sikkim_pdfs/32_021.pdf
32,SANGHA,22,PARBING KARMA TASHI GOMPA,sikkim_pdfs/32_022.pdf
32,SANGHA,23,SUMIN GUMPA,sikkim_pdfs/32_023.pdf
32,SANGHA,24,LINKEY MATCHING CHENKAR GOMPA,sikkim_pdfs/32_024.pdf
32,SANGHA,25,RHENOCK BORA KAGYUD GOMPA,sikkim_pdfs/32_025.pdf
32,SANGHA,26,AMBA MAMRING GUMPA,sikkim_pdfs/32_026.pdf
32,SANGHA,27,CHANGEY GOMPA,sikkim_pdfs/32_027.pdf
32,SANGHA,28,KARTOK DOJIDEN GOMPA,sikkim_pdfs/32_028.pdf
32,SANGHA,29,YANGANG TASHI PALDING GOMPA,sikkim_pdfs/32_029.pdf
32,SANGHA,30,SIMICK DUDULING GOMPA,sikkim_pdfs/32_030.pdf
32,SANGHA,31,TOULUNG GOMPA,sikkim_pdfs/32_031.pdf
32,SANGHA,32,LINGTHEM CHOPHEL TARGAILING,sikkim_pdfs/32_032.pdf
32,SANGHA,33,TASHI CHOLING GOMPA,sikkim_pdfs/32_033.pdf
32,SANGHA,34,GOR TARYANG GOMPA,sikkim_pdfs/32_034.pdf
32,SANGHA,35,SHIP KINZACHOLING GOMPA,sikkim_pdfs/32_035.pdf
32,SANGHA,36,LINGI PHYAGYAL GOMPA,sikkim_pdfs/32_036.pdf
32,SANGHA,37,LACHEN GNEDUPCHOLING GOMPA,sikkim_pdfs/32_037.pdf
32,SANGHA,38,LACHUNG SAMTEN CHOLING GOMPA,sikkim_pdfs/32_038.pdf
32,SANGHA,39,CHUNGTHANG CHIMORINCHEN GOMPA,sikkim_pdfs/32_039.pdf
32,SANGHA,40,SINGCHIT NADAK GOMPA,sikkim_pdfs/32_040.pdf
32,SANGHA,41,RINGON RIKZING CHOLING GOMPA,sikkim_pdfs/32_041.pdf
32,SANGHA,42,PHODONG KAGYUD GOMPA,sikkim_pdfs/32_042.pdf
32,SANGHA,43,PHENSANG GOMPA,sikkim_pdfs/32_043.pdf
32,SANGHA,44,RAKDONG TINTEK GOMPA,sikkim_pdfs/32_044.pdf
32,SANGHA,45,TUMIN KARMACHOLING GUMPA,sikkim_pdfs/32_045.pdf
32,SANGHA,46,SONG KAGYUD GUMPA,sikkim_pdfs/32_046.pdf
32,SANGHA,47,MARTAM CHONKAR GOMPA,sikkim_pdfs/32_047.pdf
32,SANGHA,48,RUMTEK KAYUD GOMPA,sikkim_pdfs/32_048.pdf
32,SANGHA,49,PABYUK BORA KAGYUD GOMPA,sikkim_pdfs/32_049.pdf
32,SANGHA,50,ENCHEY SANGAACHOLING GOMPA,sikkim_pdfs/32_050.pdf
32,SANGHA,51,LINGDOK CHENKAR GOMPA,sikkim_pdfs/32_051.pdf
