district_name,ac_no,ac_name,part_no,polling_station_name,filename
COOCHBEHAR,7,Dinhata,230,Chaupathi  High School (Bhetaguri),wb_pdfs/draft_rolls/a0070230.pdf
PURBA BARDHAMAN,265,Memari,70,punnyagram jr high school,wb_pdfs/draft_rolls/a2650070.pdf
PURBA BARDHAMAN,265,Memari,71,Bagagadiya Prathamik Bidyalay,wb_pdfs/draft_rolls/a2650071.pdf
PURBA BARDHAMAN,265,Memari,72,Debipur Aadarsh Haiskul,wb_pdfs/draft_rolls/a2650072.pdf
PURBA BARDHAMAN,265,Memari,73,Chhoto Dhamas F.P School,wb_pdfs/draft_rolls/a2650073.pdf
PURBA BARDHAMAN,265,Memari,74,Debipur Aadarsh Haiskul,wb_pdfs/draft_rolls/a2650074.pdf
PURBA BARDHAMAN,265,Memari,75,Debipur Aadarsh Haiskul,wb_pdfs/draft_rolls/a2650075.pdf
PURBA BARDHAMAN,265,Memari,76,Nishiragad Ah Primary School,wb_pdfs/draft_rolls/a2650076.pdf
PURBA BARDHAMAN,265,Memari,77,Nishiragad Ah Primary School,wb_pdfs/draft_rolls/a2650077.pdf
PURBA BARDHAMAN,265,Memari,78,Mobarakapur Bibekanand Primary Bidyapith,wb_pdfs/draft_rolls/a2650078.pdf
PURBA BARDHAMAN,265,Memari,79,Mobarakapur Bibekanand Primary Bidyapith,wb_pdfs/draft_rolls/a2650079.pdf
PURBA BARDHAMAN,265,Memari,80,Debipur Steshanabajar Ah Primaryskul,wb_pdfs/draft_rolls/a2650080.pdf
PURBA BARDHAMAN,265,Memari,81,Debipur Steshanabajar Ah Primaryskul,wb_pdfs/draft_rolls/a2650081.pdf
PURBA BARDHAMAN,265,Memari,82,58-Maheshapur Abaitanik Prathamik Bidyalay,wb_pdfs/draft_rolls/a2650082.pdf
PURBA BARDHAMAN,265,Memari,83,"59-Aamudapur Ef,Pi,School",wb_pdfs/draft_rolls/a2650083.pdf
PURBA BARDHAMAN,265,Memari,84,60-Hetamapur Abaih Prathamik Bidyalay,wb_pdfs/draft_rolls/a2650084.pdf
PURBA BARDHAMAN,265,Memari,85,Shankarapur Magara Ah Primary School,wb_pdfs/draft_rolls/a2650085.pdf
PURBA BARDHAMAN,265,Memari,86,Shankarapur Magara Ah Primary School,wb_pdfs/draft_rolls/a2650086.pdf
PURBA BARDHAMAN,265,Memari,87,Mogra SSK,wb_pdfs/draft_rolls/a2650087.pdf
PURBA BARDHAMAN,265,Memari,88,"62-Magada Panchakheya Aadibasi Ef,Pi, School",wb_pdfs/draft_rolls/a2650088.pdf
PURBA BARDHAMAN,265,Memari,89,shriharipur Abaitanik Primary School,wb_pdfs/draft_rolls/a2650089.pdf
PURBA BARDHAMAN,265,Memari,90,64-Mandalajona Abaihprah Bidyalay,wb_pdfs/draft_rolls/a2650090.pdf
PURBA BARDHAMAN,265,Memari,91,Kashirampur Primary Vidyalya,wb_pdfs/draft_rolls/a2650091.pdf
PURBA BARDHAMAN,265,Memari,92,Sajina Jayaramapur Prathamik Bidyalay,wb_pdfs/draft_rolls/a2650092.pdf
PURBA BARDHAMAN,265,Memari,93,Ichchhapur Baje Mandalajona Prathamik Bidyalay,wb_pdfs/draft_rolls/a2650093.pdf
PURBA BARDHAMAN,265,Memari,94,Aandur Bahabapur Ah Primary Bidyalay,wb_pdfs/draft_rolls/a2650094.pdf
PURBA BARDHAMAN,265,Memari,95,Aandur Bahabapur Ah Primary Bidyalay,wb_pdfs/draft_rolls/a2650095.pdf
PURBA BARDHAMAN,265,Memari,96,Kabirapur Prathamik Bidyalay,wb_pdfs/draft_rolls/a2650096.pdf
PURBA BARDHAMAN,265,Memari,97,Gantar Abai.Pry. Vidyalaya,wb_pdfs/draft_rolls/a2650097.pdf
PURBA BARDHAMAN,265,Memari,98,"Gantar Bi,Em,Haiskul",wb_pdfs/draft_rolls/a2650098.pdf
PURBA BARDHAMAN,265,Memari,99,"Gantar Bi,Em,Haiskul",wb_pdfs/draft_rolls/a2650099.pdf
PURBA BARDHAMAN,265,Memari,100,Badeya Abaitanik Prathamik Bidyalay,wb_pdfs/draft_rolls/a2650100.pdf
PURBA BARDHAMAN,265,Memari,101,Badeya Abaitanik Prathamik Bidyalay,wb_pdfs/draft_rolls/a2650101.pdf
PURBA BARDHAMAN,265,Memari,102,Nihshank Unnat Prathamik School,wb_pdfs/draft_rolls/a2650102.pdf
PURBA BARDHAMAN,265,Memari,103,Nihshank Unnat Prathamik School,wb_pdfs/draft_rolls/a2650103.pdf
PURBA BARDHAMAN,265,Memari,104,Aamadapur Haiskul,wb_pdfs/draft_rolls/a2650104.pdf
PURBA BARDHAMAN,265,Memari,105,Aamadapur Haiskul,wb_pdfs/draft_rolls/a2650105.pdf
PURBA BARDHAMAN,265,Memari,106,Aamadapur Sarasbati Gramin Pathagar,wb_pdfs/draft_rolls/a2650106.pdf
PURBA BARDHAMAN,265,Memari,107,Aamadapur Sarasbati Gramin Pathagar,wb_pdfs/draft_rolls/a2650107.pdf
PURBA BARDHAMAN,265,Memari,108,Bijara Ah Primary School,wb_pdfs/draft_rolls/a2650108.pdf
PURBA BARDHAMAN,265,Memari,109,Bijara Ah Primary School,wb_pdfs/draft_rolls/a2650109.pdf
PURBA BARDHAMAN,265,Memari,110,Bijara Ah Primary School,wb_pdfs/draft_rolls/a2650110.pdf
PURBA BARDHAMAN,265,Memari,111,"77-Meruya Eeshbamapur Bi,Em,Es,Ahprah School",wb_pdfs/draft_rolls/a2650111.pdf
PURBA BARDHAMAN,265,Memari,112,"Eeshbamapur,Meruya Shishushiksha Kendra",wb_pdfs/draft_rolls/a2650112.pdf
PURBA BARDHAMAN,265,Memari,113,"Brahmanapada Ef,Pi,School",wb_pdfs/draft_rolls/a2650113.pdf
PURBA BARDHAMAN,265,Memari,114,"Keja Prathamik Bidyalay,",wb_pdfs/draft_rolls/a2650114.pdf
PURBA BARDHAMAN,265,Memari,115,"Keja Prathamik Bidyalay,",wb_pdfs/draft_rolls/a2650115.pdf
PURBA BARDHAMAN,265,Memari,116,Sahanui Unnat Primary Bidyalay,wb_pdfs/draft_rolls/a2650116.pdf
PURBA BARDHAMAN,265,Memari,117,Sahanui Unnat Primary Bidyalay,wb_pdfs/draft_rolls/a2650117.pdf
PURBA BARDHAMAN,265,Memari,118,Telasanda Shishushiksha Kendra,wb_pdfs/draft_rolls/a2650118.pdf
PURBA BARDHAMAN,265,Memari,119,"Bishnupur Ef,Pi,School",wb_pdfs/draft_rolls/a2650119.pdf
PURBA BARDHAMAN,265,Memari,120,"Bishnupur Ef,Pi,School",wb_pdfs/draft_rolls/a2650120.pdf
PURBA BARDHAMAN,265,Memari,121,Chakanada Prathamik Bidyalay,wb_pdfs/draft_rolls/a2650121.pdf
PURBA BARDHAMAN,265,Memari,122,Binay Palli Angannaoyari Kendr,wb_pdfs/draft_rolls/a2650122.pdf
PURBA BARDHAMAN,265,Memari,123,Chhinui Kamarsal Anganwari Centre,wb_pdfs/draft_rolls/a2650123.pdf
PURBA BARDHAMAN,265,Memari,124,"Rasulapur Bi,Em,Hai,School",wb_pdfs/draft_rolls/a2650124.pdf
PURBA BARDHAMAN,265,Memari,125,Chakanada Shishushiksha Kendr,wb_pdfs/draft_rolls/a2650125.pdf
PURBA BARDHAMAN,265,Memari,126,Chakanada Shishushiksha Kendr,wb_pdfs/draft_rolls/a2650126.pdf
PURBA BARDHAMAN,265,Memari,127,Badyadanga Garlas Hai School,wb_pdfs/draft_rolls/a2650127.pdf
PURBA BARDHAMAN,265,Memari,128,Badyadanga Garlas Hai School,wb_pdfs/draft_rolls/a2650128.pdf
PURBA BARDHAMAN,265,Memari,129,Pashchim Rasulapur FANIBHUSAN CHANDRA SMRITI S S K,wb_pdfs/draft_rolls/a2650129.pdf
PURBA BARDHAMAN,265,Memari,130,Pashchim Rasulapur FANIBHUSAN CHANDRA SMRITI S S K,wb_pdfs/draft_rolls/a2650130.pdf
PURBA BARDHAMAN,265,Memari,131,Jyotakanu Ah Primary School,wb_pdfs/draft_rolls/a2650131.pdf
PURBA BARDHAMAN,265,Memari,132,Jyotakanu Ah Primary School,wb_pdfs/draft_rolls/a2650132.pdf
PURBA BARDHAMAN,265,Memari,133,Nutanarasta Angan Oyari Kendr,wb_pdfs/draft_rolls/a2650133.pdf
PURBA BARDHAMAN,265,Memari,134,"Nimo Unnat Ah Primary Bidyalay,",wb_pdfs/draft_rolls/a2650134.pdf
PURBA BARDHAMAN,265,Memari,135,Nimo Malpara SSK,wb_pdfs/draft_rolls/a2650135.pdf
PURBA BARDHAMAN,265,Memari,136,"Nimo Unnat Ah Primary Bidyalay,",wb_pdfs/draft_rolls/a2650136.pdf
PURBA BARDHAMAN,265,Memari,137,Chhinui Sahapur Abai.Pry.Vidyalaya,wb_pdfs/draft_rolls/a2650137.pdf
PURBA BARDHAMAN,265,Memari,138,"Tatarapur Unnat Ah Primary Bidyalay,",wb_pdfs/draft_rolls/a2650138.pdf
PURBA BARDHAMAN,265,Memari,139,tatarpur daksinpara icds centre,wb_pdfs/draft_rolls/a2650139.pdf
PURBA BARDHAMAN,265,Memari,140,Parijat Nagar Prathamik Bidyalay,wb_pdfs/draft_rolls/a2650140.pdf
PURBA BARDHAMAN,265,Memari,141,Parijat Nagar Prathamik Bidyalay,wb_pdfs/draft_rolls/a2650141.pdf
PURBA BARDHAMAN,265,Memari,142,"Ulara Nandarani Smriti F,P,School",wb_pdfs/draft_rolls/a2650142.pdf
PURBA BARDHAMAN,265,Memari,143,ullarah soyerpar ICDS centre,wb_pdfs/draft_rolls/a2650143.pdf
PURBA BARDHAMAN,265,Memari,144,"Ulara Nandarani Smriti F,P,School",wb_pdfs/draft_rolls/a2650144.pdf
PURBA BARDHAMAN,265,Memari,145,"Ulara Nandarani Smriti F,P,School",wb_pdfs/draft_rolls/a2650145.pdf
PURBA BARDHAMAN,265,Memari,146,Rajapur Prathamik Bidyalay,wb_pdfs/draft_rolls/a2650146.pdf
PURBA BARDHAMAN,265,Memari,147,Daluibajar Abaitanik Prathamik Bidyalay (new bilding),wb_pdfs/draft_rolls/a2650147.pdf
PURBA BARDHAMAN,265,Memari,148,Geandaghata Shishushiksha Kendr,wb_pdfs/draft_rolls/a2650148.pdf
PURBA BARDHAMAN,265,Memari,149,Daluibajar Abaitanik Prathamik Bidyalay (new bilding),wb_pdfs/draft_rolls/a2650149.pdf
PURBA BARDHAMAN,265,Memari,150,Rasulapur Anath Samiti,wb_pdfs/draft_rolls/a2650150.pdf
PURBA BARDHAMAN,265,Memari,151,Belut Junior Basic School,wb_pdfs/draft_rolls/a2650151.pdf
PURBA BARDHAMAN,265,Memari,152,Belut Junior Basic School,wb_pdfs/draft_rolls/a2650152.pdf
PURBA BARDHAMAN,265,Memari,153,Sekhapur Prathamik Bidyalay,wb_pdfs/draft_rolls/a2650153.pdf
PURBA BARDHAMAN,265,Memari,154,Nagarakona Prathamik Bidyalay,wb_pdfs/draft_rolls/a2650154.pdf
PURBA BARDHAMAN,265,Memari,155,Pallarod Junior Basic School,wb_pdfs/draft_rolls/a2650155.pdf
PURBA BARDHAMAN,265,Memari,156,Konarpada Aangshik Buniyadi Bidyalay,wb_pdfs/draft_rolls/a2650156.pdf
PURBA BARDHAMAN,265,Memari,157,Dadapur Nimn Buniyadi Bidyalay,wb_pdfs/draft_rolls/a2650157.pdf
PURBA BARDHAMAN,265,Memari,158,Sbastipalli Tapoban Prathamik Bidyalay,wb_pdfs/draft_rolls/a2650158.pdf
PURBA BARDHAMAN,265,Memari,159,Pashchim Memari Prathamik Bidyalay,wb_pdfs/draft_rolls/a2650159.pdf
PURBA BARDHAMAN,265,Memari,160,Kalanabagram Buniyadi Bidyalay,wb_pdfs/draft_rolls/a2650160.pdf
PURBA BARDHAMAN,265,Memari,161,Kalupukur SSK,wb_pdfs/draft_rolls/a2650161.pdf
PURBA BARDHAMAN,265,Memari,162,Daluibajar-2 Aar.Aai .Afis,wb_pdfs/draft_rolls/a2650162.pdf
PURBA BARDHAMAN,265,Memari,163,Palla Gram Prathamik Bidyalay,wb_pdfs/draft_rolls/a2650163.pdf
PURBA BARDHAMAN,265,Memari,164,Palla Gram Prathamik Bidyalay,wb_pdfs/draft_rolls/a2650164.pdf
PURBA BARDHAMAN,265,Memari,165,Palla Chanchai Primary Bidyalay,wb_pdfs/draft_rolls/a2650165.pdf
PURBA BARDHAMAN,265,Memari,166,Palla Chanchai Primary Bidyalay,wb_pdfs/draft_rolls/a2650166.pdf
PURBA BARDHAMAN,265,Memari,167,Palla Di.Bhi.Si. Ef.Pi.School,wb_pdfs/draft_rolls/a2650167.pdf
PURBA BARDHAMAN,265,Memari,168,Chanchai Kyamp-1 Es.Es.Ke,wb_pdfs/draft_rolls/a2650168.pdf
PURBA BARDHAMAN,265,Memari,169,Chanchai Kyamp-1 Es.Es.Ke,wb_pdfs/draft_rolls/a2650169.pdf
PURBA BARDHAMAN,265,Memari,170,Palla Chanchai Tapah Aadibasi Prathamik Bidyalay,wb_pdfs/draft_rolls/a2650170.pdf
PURBA BARDHAMAN,265,Memari,171,Palla Chanchai Tapah Aadibasi Prathamik Bidyalay,wb_pdfs/draft_rolls/a2650171.pdf
PURBA BARDHAMAN,265,Memari,172,Maheshapur Nimn Buniyadi Bidyalay,wb_pdfs/draft_rolls/a2650172.pdf
PURBA BARDHAMAN,265,Memari,173,Maheshapur Nimn Buniyadi Bidyalay,wb_pdfs/draft_rolls/a2650173.pdf
PURBA BARDHAMAN,265,Memari,174,Chanchai Nilakuthi Prathamik Bidyalay,wb_pdfs/draft_rolls/a2650174.pdf
PURBA BARDHAMAN,265,Memari,175,Nilkuthi SSK,wb_pdfs/draft_rolls/a2650175.pdf
PURBA BARDHAMAN,265,Memari,176,Kanaidanga Abaitanik Prathamik Bidyalay,wb_pdfs/draft_rolls/a2650176.pdf
PURBA BARDHAMAN,265,Memari,177,Chanchai Santrapara SSK,wb_pdfs/draft_rolls/a2650177.pdf
PURBA BARDHAMAN,265,Memari,178,Chanchai Nimn Buniyadi Bidyalay,wb_pdfs/draft_rolls/a2650178.pdf
PURBA BARDHAMAN,265,Memari,179,Chanchai Nimn Buniyadi Bidyalay,wb_pdfs/draft_rolls/a2650179.pdf
PURBA BARDHAMAN,265,Memari,180,Maheshadanga 4No Kyamp Prathamik Bidyalay,wb_pdfs/draft_rolls/a2650180.pdf
PURBA BARDHAMAN,265,Memari,181,Maheshadanga 4No Kyamp Prathamik Bidyalay,wb_pdfs/draft_rolls/a2650181.pdf
PURBA BARDHAMAN,265,Memari,182,Maheshadanga 4No Kyamp Prathamik Bidyalay,wb_pdfs/draft_rolls/a2650182.pdf
PURBA BARDHAMAN,265,Memari,183,Kanthalagachhi Kole para High school,wb_pdfs/draft_rolls/a2650183.pdf
PURBA BARDHAMAN,265,Memari,184,Kanthalagachhi Kole para High school,wb_pdfs/draft_rolls/a2650184.pdf
PURBA BARDHAMAN,265,Memari,185,Aayama Deulapada Nimna Buniadi vidyalay,wb_pdfs/draft_rolls/a2650185.pdf
PURBA BARDHAMAN,265,Memari,186,Baheda Abaitanik Prathamik Bidyalay,wb_pdfs/draft_rolls/a2650186.pdf
PURBA BARDHAMAN,265,Memari,187,Udayapalli Shishushiksha Kendr,wb_pdfs/draft_rolls/a2650187.pdf
PURBA BARDHAMAN,265,Memari,188,Maheshadanga Camp Dakshin Par M.S.K,wb_pdfs/draft_rolls/a2650188.pdf
PURBA BARDHAMAN,265,Memari,189,Maheshadanga Camp Dakshin Par M.S.K,wb_pdfs/draft_rolls/a2650189.pdf
PURBA BARDHAMAN,265,Memari,190,Mahesdanga camp Daksinpar MSK,wb_pdfs/draft_rolls/a2650190.pdf
PURBA BARDHAMAN,265,Memari,191,Maheshadanga Camp Dakshin Par M.S.K,wb_pdfs/draft_rolls/a2650191.pdf
PURBA BARDHAMAN,265,Memari,192,Deuliya Prathamik Bidyalay,wb_pdfs/draft_rolls/a2650192.pdf
PURBA BARDHAMAN,265,Memari,193,Deuliya Prathamik Bidyalay,wb_pdfs/draft_rolls/a2650193.pdf
PURBA BARDHAMAN,265,Memari,194,137-Kinkarapur Saradanga Abaitanik Prathamik Bidyalay,wb_pdfs/draft_rolls/a2650194.pdf
PURBA BARDHAMAN,265,Memari,195,Salada Baheda Primary Bidyalay,wb_pdfs/draft_rolls/a2650195.pdf
PURBA BARDHAMAN,265,Memari,196,Kenna Junior Basic School,wb_pdfs/draft_rolls/a2650196.pdf
PURBA BARDHAMAN,265,Memari,197,Kenna Junior Basic School,wb_pdfs/draft_rolls/a2650197.pdf
PURBA BARDHAMAN,265,Memari,198,Dehuda Gramin Pathagar,wb_pdfs/draft_rolls/a2650198.pdf
PURBA BARDHAMAN,265,Memari,199,Dehuda Gramin Pathagar,wb_pdfs/draft_rolls/a2650199.pdf
PURBA BARDHAMAN,265,Memari,200,Dandur Kalasapur Ah Primary Bidyalay,wb_pdfs/draft_rolls/a2650200.pdf
PURBA BARDHAMAN,265,Memari,201,Dandur Kalasapur Ah Primary Bidyalay,wb_pdfs/draft_rolls/a2650201.pdf
PURBA BARDHAMAN,265,Memari,202,Khando Ah Primary School,wb_pdfs/draft_rolls/a2650202.pdf
PURBA BARDHAMAN,265,Memari,203,Khando Ah Primary School,wb_pdfs/draft_rolls/a2650203.pdf
PURBA BARDHAMAN,265,Memari,204,Memari V M Imstitution (unit-2),wb_pdfs/draft_rolls/a2650204.pdf
PURBA BARDHAMAN,265,Memari,205,Memari V M Imstitution (unit-2),wb_pdfs/draft_rolls/a2650205.pdf
PURBA BARDHAMAN,265,Memari,206,Memari  High Madrasa (Khanro ),wb_pdfs/draft_rolls/a2650206.pdf
PURBA BARDHAMAN,265,Memari,207,Memari  High Madrasa (Khanro ),wb_pdfs/draft_rolls/a2650207.pdf
PURBA BARDHAMAN,265,Memari,208,Zillla Parishad Dakabanglo Memari,wb_pdfs/draft_rolls/a2650208.pdf
PURBA BARDHAMAN,265,Memari,209,Moralpara Municipality Working Centre Word No3,wb_pdfs/draft_rolls/a2650209.pdf
PURBA BARDHAMAN,265,Memari,210,Sulatanapur Abaitanik Primary Bidyalay,wb_pdfs/draft_rolls/a2650210.pdf
PURBA BARDHAMAN,265,Memari,211,Sulatanapur Abaitanik Primary Bidyalay,wb_pdfs/draft_rolls/a2650211.pdf
PURBA BARDHAMAN,265,Memari,212,LICI Office Memari,wb_pdfs/draft_rolls/a2650212.pdf
PURBA BARDHAMAN,265,Memari,213,LICI Office Memari,wb_pdfs/draft_rolls/a2650213.pdf
PURBA BARDHAMAN,265,Memari,214,"Hindi Janata Primary School,Memari",wb_pdfs/draft_rolls/a2650214.pdf
PURBA BARDHAMAN,265,Memari,215,"memari college Science Building ,memari burdwan",wb_pdfs/draft_rolls/a2650215.pdf
PURBA BARDHAMAN,265,Memari,216,Memari Balika Abaih Primary Bidyalay,wb_pdfs/draft_rolls/a2650216.pdf
PURBA BARDHAMAN,265,Memari,217,Memari Balika Abaih Primary Bidyalay,wb_pdfs/draft_rolls/a2650217.pdf
PURBA BARDHAMAN,265,Memari,218,155-Memari Aar.Es.Balika Bidyalay,wb_pdfs/draft_rolls/a2650218.pdf
PURBA BARDHAMAN,265,Memari,219,Memari Balak Abaih Primary Bidyalay,wb_pdfs/draft_rolls/a2650219.pdf
PURBA BARDHAMAN,265,Memari,220,Memari Balak Abaih Primary Bidyalay,wb_pdfs/draft_rolls/a2650220.pdf
PURBA BARDHAMAN,265,Memari,221,Joyanapur Surabala Primary Bidyalay,wb_pdfs/draft_rolls/a2650221.pdf
PURBA BARDHAMAN,265,Memari,222,Joyanapur Surabala Primary Bidyalay,wb_pdfs/draft_rolls/a2650222.pdf
PURBA BARDHAMAN,265,Memari,223,"154-Memari Bhi,Em Inashtitiushan(Iunit-1)",wb_pdfs/draft_rolls/a2650223.pdf
PURBA BARDHAMAN,265,Memari,224,Talpata F.P School,wb_pdfs/draft_rolls/a2650224.pdf
PURBA BARDHAMAN,265,Memari,225,158-Mazer Pada Prathamik Bidyalay,wb_pdfs/draft_rolls/a2650225.pdf
PURBA BARDHAMAN,265,Memari,226,Nazrul Smriti Primary School,wb_pdfs/draft_rolls/a2650226.pdf
PURBA BARDHAMAN,265,Memari,227,Nazrul Smriti Primary School,wb_pdfs/draft_rolls/a2650227.pdf
PURBA BARDHAMAN,265,Memari,228,Municipal water Supply Office(P.H.E),wb_pdfs/draft_rolls/a2650228.pdf
PURBA BARDHAMAN,265,Memari,229,Municipal Water Supply Office(P.H.E),wb_pdfs/draft_rolls/a2650229.pdf
PURBA BARDHAMAN,265,Memari,230,Bdn Central Agri. mrkt. producers co-op Soc.ltd.,wb_pdfs/draft_rolls/a2650230.pdf
PURBA BARDHAMAN,265,Memari,231,"memari municipality community hall ,memari municipality",wb_pdfs/draft_rolls/a2650231.pdf
PURBA BARDHAMAN,265,Memari,232,Dakshin Radhakantapur Ahprahskul,wb_pdfs/draft_rolls/a2650232.pdf
PURBA BARDHAMAN,265,Memari,233,Dighirpar Municipality Working Centre Ward No 14,wb_pdfs/draft_rolls/a2650233.pdf
PURBA BARDHAMAN,265,Memari,234,"Brahmanapada Ef,Pi,School",wb_pdfs/draft_rolls/a2650234.pdf
PURBA BARDHAMAN,265,Memari,235,161-Ichhapur Abaihprathamik Bidyalay,wb_pdfs/draft_rolls/a2650235.pdf
PURBA BARDHAMAN,265,Memari,236,161-Ichhapur Abaihprathamik Bidyalay,wb_pdfs/draft_rolls/a2650236.pdf
PURBA BARDHAMAN,265,Memari,237,Municipality Working Centre Ward No-16,wb_pdfs/draft_rolls/a2650237.pdf
PURBA BARDHAMAN,265,Memari,238,"Memari Municipality Community hall,",wb_pdfs/draft_rolls/a2650238.pdf
PURBA BARDHAMAN,265,Memari,239,"162-Durgadanga Ef,Pi,School",wb_pdfs/draft_rolls/a2650239.pdf
PURBA BARDHAMAN,265,Memari,240,Taktipur SSK,wb_pdfs/draft_rolls/a2650240.pdf
PURBA BARDHAMAN,265,Memari,241,Kisakinda Primary Bidyalay,wb_pdfs/draft_rolls/a2650241.pdf
PURBA BARDHAMAN,265,Memari,242,"164-Krishnapur Aar,Bi, Ef,Pi,School",wb_pdfs/draft_rolls/a2650242.pdf
PURBA BARDHAMAN,265,Memari,243,"164-Krishnapur Aar,Bi, Ef,Pi,School",wb_pdfs/draft_rolls/a2650243.pdf
PURBA BARDHAMAN,265,Memari,244,Baharamapur Abaitanik Primarybidyalay,wb_pdfs/draft_rolls/a2650244.pdf
PURBA BARDHAMAN,265,Memari,245,Shashinara High school,wb_pdfs/draft_rolls/a2650245.pdf
PURBA BARDHAMAN,265,Memari,246,Shashinara High school,wb_pdfs/draft_rolls/a2650246.pdf
PURBA BARDHAMAN,265,Memari,247,Talachini Baharamapur Abaitanik Primarybidyalay,wb_pdfs/draft_rolls/a2650247.pdf
PURBA BARDHAMAN,265,Memari,248,Bagila Metaraniti O Chaild Oyelafeyar Sentar,wb_pdfs/draft_rolls/a2650248.pdf
PURBA BARDHAMAN,265,Memari,249,Bagila Metaraniti O Chaild Oyelafeyar Sentar,wb_pdfs/draft_rolls/a2650249.pdf
PURBA BARDHAMAN,265,Memari,250,Bagila Kanailal Abaih Prathamik Bidyalay,wb_pdfs/draft_rolls/a2650250.pdf
PURBA BARDHAMAN,265,Memari,251,Bagjila SSK,wb_pdfs/draft_rolls/a2650251.pdf
PURBA BARDHAMAN,265,Memari,252,Dilalapur Primary Bidyalay,wb_pdfs/draft_rolls/a2650252.pdf
PURBA BARDHAMAN,265,Memari,253,Nudipur Harendrakrishn Junior Basic School,wb_pdfs/draft_rolls/a2650253.pdf
PURBA BARDHAMAN,265,Memari,254,Nudipur Harendrakrishn Junior Basic School,wb_pdfs/draft_rolls/a2650254.pdf
PURBA BARDHAMAN,265,Memari,255,"Kalasi Ef,Pi,School",wb_pdfs/draft_rolls/a2650255.pdf
PURBA BARDHAMAN,265,Memari,256,"Kalasi Ef,Pi,School",wb_pdfs/draft_rolls/a2650256.pdf
PURBA BARDHAMAN,265,Memari,257,Shonada Shishushiksha Kendr,wb_pdfs/draft_rolls/a2650257.pdf
PURBA BARDHAMAN,265,Memari,258,"Simala Hemaradha Ef,Pi, School",wb_pdfs/draft_rolls/a2650258.pdf
PURBA BARDHAMAN,265,Memari,259,"Simala Hemaradha Ef,Pi, School",wb_pdfs/draft_rolls/a2650259.pdf
PURBA BARDHAMAN,265,Memari,260,"Simala Hemaradha Ef,Pi, School",wb_pdfs/draft_rolls/a2650260.pdf
PURBA BARDHAMAN,265,Memari,261,"Chotakhand Ef,Pi, School",wb_pdfs/draft_rolls/a2650261.pdf
PURBA BARDHAMAN,265,Memari,262,"Chotakhand Ef,Pi, School",wb_pdfs/draft_rolls/a2650262.pdf
PURBA BARDHAMAN,265,Memari,263,Chotkhanda Sudorpar SSK,wb_pdfs/draft_rolls/a2650263.pdf
PURBA BARDHAMAN,265,Memari,264,"180-Shobhana Ef,Pi, School",wb_pdfs/draft_rolls/a2650264.pdf
PURBA BARDHAMAN,265,Memari,265,Alipur United Jr. Basic School,wb_pdfs/draft_rolls/a2650265.pdf
PURBA BARDHAMAN,265,Memari,266,Debipur Shteshan Hai School,wb_pdfs/draft_rolls/a2650266.pdf
PURBA BARDHAMAN,265,Memari,267,Debipur Steshanabajar Ah Primaryskul,wb_pdfs/draft_rolls/a2650267.pdf
PURBA BARDHAMAN,265,Memari,268,Debipur Shteshan Hai School,wb_pdfs/draft_rolls/a2650268.pdf
PURBA BARDHAMAN,265,Memari,269,"183-Shyamanagar Ef,Pi,Bidyalay",wb_pdfs/draft_rolls/a2650269.pdf
PURBA BARDHAMAN,265,Memari,270,"Magalamapur Ef,Pi,School",wb_pdfs/draft_rolls/a2650270.pdf
PURBA BARDHAMAN,265,Memari,271,"Magalamapur Ef,Pi,School",wb_pdfs/draft_rolls/a2650271.pdf
PURBA BARDHAMAN,265,Memari,272,"Kantapur Juzarapur Ef,Pi,School",wb_pdfs/draft_rolls/a2650272.pdf
PURBA BARDHAMAN,265,Memari,273,"Kantapur Juzarapur Ef,Pi,School",wb_pdfs/draft_rolls/a2650273.pdf
PURBA BARDHAMAN,265,Memari,274,Shuanda Shishushiksha Kendr,wb_pdfs/draft_rolls/a2650274.pdf
PURBA BARDHAMAN,265,Memari,275,durgapur baroaritala ICDS Centre,wb_pdfs/draft_rolls/a2650275.pdf
PURBA BARDHAMAN,265,Memari,276,Durgapuramohinimohan Basu Nimnabunih Bidyalay,wb_pdfs/draft_rolls/a2650276.pdf
PURBA BARDHAMAN,265,Memari,277,188-Badar Gausiya Ef Pi School,wb_pdfs/draft_rolls/a2650277.pdf
PURBA BARDHAMAN,265,Memari,278,Ilamdanga ICDS Centre,wb_pdfs/draft_rolls/a2650278.pdf
PURBA BARDHAMAN,265,Memari,279,Badar Shishushiksha Kendr,wb_pdfs/draft_rolls/a2650279.pdf
PURBA BARDHAMAN,265,Memari,280,Badar Shishushiksha Kendr,wb_pdfs/draft_rolls/a2650280.pdf
PURBA BARDHAMAN,265,Memari,281,"190-Birashimul Naboday Ef,Pi,School",wb_pdfs/draft_rolls/a2650281.pdf
PURBA BARDHAMAN,265,Memari,282,Utaramapur Shishu Shiksha Kendr,wb_pdfs/draft_rolls/a2650282.pdf
PURBA BARDHAMAN,265,Memari,283,Paschim Benapur SSK,wb_pdfs/draft_rolls/a2650283.pdf
PURBA BARDHAMAN,265,Memari,284,Benapur Ef.Pi.School,wb_pdfs/draft_rolls/a2650284.pdf
KALIMPONG,22,Kalimpong,1,Namchelakha Prathamik Pathshala,wb_pdfs/draft_rolls/a0220001.pdf
KALIMPONG,22,Kalimpong,1,Namchelakha Prathamik Pathshala,wb_pdfs/supplements/a0220001.pdf
KALIMPONG,22,Kalimpong,2,Samdong Prathamik Pathshala,wb_pdfs/draft_rolls/a0220002.pdf
KALIMPONG,22,Kalimpong,2,Samdong Prathamik Pathshala,wb_pdfs/supplements/a0220002.pdf
KALIMPONG,22,Kalimpong,3,Singtam Prathamik Pathshala,wb_pdfs/draft_rolls/a0220003.pdf
KALIMPONG,22,Kalimpong,3,Singtam Prathamik Pathshala,wb_pdfs/supplements/a0220003.pdf
KALIMPONG,22,Kalimpong,4,Kasyon C.P. Prathamik Pathshala,wb_pdfs/draft_rolls/a0220004.pdf
KALIMPONG,22,Kalimpong,4,Kasyon C.P. Prathamik Pathshala,wb_pdfs/supplements/a0220004.pdf
KALIMPONG,22,Kalimpong,5,Kasyon C.P. Prathamik Pathshala,wb_pdfs/draft_rolls/a0220005.pdf
KALIMPONG,22,Kalimpong,5,Kasyon C.P. Prathamik Pathshala,wb_pdfs/supplements/a0220005.pdf
KALIMPONG,22,Kalimpong,6,Ramphu C.P. Prathamik Pathshala,wb_pdfs/draft_rolls/a0220006.pdf
KALIMPONG,22,Kalimpong,6,Ramphu C.P. Prathamik Pathshala,wb_pdfs/supplements/a0220006.pdf
KALIMPONG,22,Kalimpong,7,Dewan Memorial Pathshala,wb_pdfs/draft_rolls/a0220007.pdf
KALIMPONG,22,Kalimpong,7,Dewan Memorial Pathshala,wb_pdfs/supplements/a0220007.pdf
KALIMPONG,22,Kalimpong,8,Tarkhola Primary School,wb_pdfs/draft_rolls/a0220008.pdf
KALIMPONG,22,Kalimpong,8,Tarkhola Primary School,wb_pdfs/supplements/a0220008.pdf
KALIMPONG,22,Kalimpong,9,Mansung C.P. Primary School,wb_pdfs/draft_rolls/a0220009.pdf
KALIMPONG,22,Kalimpong,9,Mansung C.P. Primary School,wb_pdfs/supplements/a0220009.pdf
KALIMPONG,22,Kalimpong,10,Saraswati Primary School,wb_pdfs/draft_rolls/a0220010.pdf
KALIMPONG,22,Kalimpong,10,Saraswati Primary School,wb_pdfs/supplements/a0220010.pdf
KALIMPONG,22,Kalimpong,11,Mansung High School Central Hall,wb_pdfs/draft_rolls/a0220011.pdf
KALIMPONG,22,Kalimpong,11,Mansung High School Central Hall,wb_pdfs/supplements/a0220011.pdf
KALIMPONG,22,Kalimpong,12,Burmiak C.P Prathamik School,wb_pdfs/draft_rolls/a0220012.pdf
KALIMPONG,22,Kalimpong,12,Burmiak C.P Prathamik School,wb_pdfs/supplements/a0220012.pdf
KALIMPONG,22,Kalimpong,13,Burmaik C.P. Prathamik School (West),wb_pdfs/draft_rolls/a0220013.pdf
KALIMPONG,22,Kalimpong,13,Burmaik C.P. Prathamik School (West),wb_pdfs/supplements/a0220013.pdf
KALIMPONG,22,Kalimpong,14,Sangsey C.P. Prathamik Pathshala,wb_pdfs/draft_rolls/a0220014.pdf
KALIMPONG,22,Kalimpong,14,Sangsey C.P. Prathamik Pathshala,wb_pdfs/supplements/a0220014.pdf
KALIMPONG,22,Kalimpong,15,Bhangey Prathamik Pathshala,wb_pdfs/draft_rolls/a0220015.pdf
KALIMPONG,22,Kalimpong,15,Bhangey Prathamik Pathshala,wb_pdfs/supplements/a0220015.pdf
KALIMPONG,22,Kalimpong,16,"St, Dominic School",wb_pdfs/draft_rolls/a0220016.pdf
KALIMPONG,22,Kalimpong,16,"St, Dominic School",wb_pdfs/supplements/a0220016.pdf
KALIMPONG,22,Kalimpong,17,Sangsey Khas Prathamik Pathshala,wb_pdfs/draft_rolls/a0220017.pdf
KALIMPONG,22,Kalimpong,17,Sangsey Khas Prathamik Pathshala,wb_pdfs/supplements/a0220017.pdf
KALIMPONG,22,Kalimpong,18,Kharka Gaon Gramin Pustakalaya,wb_pdfs/draft_rolls/a0220018.pdf
KALIMPONG,22,Kalimpong,18,Kharka Gaon Gramin Pustakalaya,wb_pdfs/supplements/a0220018.pdf
KALIMPONG,22,Kalimpong,19,Pramansing Prathamik Pathshala,wb_pdfs/draft_rolls/a0220019.pdf
KALIMPONG,22,Kalimpong,19,Pramansing Prathamik Pathshala,wb_pdfs/supplements/a0220019.pdf
KALIMPONG,22,Kalimpong,20,Pedong Junior Basic School,wb_pdfs/draft_rolls/a0220020.pdf
KALIMPONG,22,Kalimpong,20,Pedong Junior Basic School,wb_pdfs/supplements/a0220020.pdf
KALIMPONG,22,Kalimpong,21,Tender Buds School,wb_pdfs/draft_rolls/a0220021.pdf
KALIMPONG,22,Kalimpong,21,Tender Buds School,wb_pdfs/supplements/a0220021.pdf
KALIMPONG,22,Kalimpong,22,Community Hall Pedong,wb_pdfs/draft_rolls/a0220022.pdf
KALIMPONG,22,Kalimpong,22,Community Hall Pedong,wb_pdfs/supplements/a0220022.pdf
KALIMPONG,22,Kalimpong,23,Upper Dalep Prathamik Pathshala,wb_pdfs/draft_rolls/a0220023.pdf
KALIMPONG,22,Kalimpong,23,Upper Dalep Prathamik Pathshala,wb_pdfs/supplements/a0220023.pdf
KALIMPONG,22,Kalimpong,24,Kritichitra Prathamik Pathshala,wb_pdfs/draft_rolls/a0220024.pdf
KALIMPONG,22,Kalimpong,24,Kritichitra Prathamik Pathshala,wb_pdfs/supplements/a0220024.pdf
KALIMPONG,22,Kalimpong,25,Dalep Junior Basic School,wb_pdfs/draft_rolls/a0220025.pdf
KALIMPONG,22,Kalimpong,25,Dalep Junior Basic School,wb_pdfs/supplements/a0220025.pdf
KALIMPONG,22,Kalimpong,26,Pithamchin Prathamik Pathshala,wb_pdfs/draft_rolls/a0220026.pdf
KALIMPONG,22,Kalimpong,26,Pithamchin Prathamik Pathshala,wb_pdfs/supplements/a0220026.pdf
KALIMPONG,22,Kalimpong,27,Tagathang Primary School,wb_pdfs/draft_rolls/a0220027.pdf
KALIMPONG,22,Kalimpong,27,Tagathang Primary School,wb_pdfs/supplements/a0220027.pdf
KALIMPONG,22,Kalimpong,28,Sanskrit Pathshala,wb_pdfs/draft_rolls/a0220028.pdf
KALIMPONG,22,Kalimpong,28,Sanskrit Pathshala,wb_pdfs/supplements/a0220028.pdf
KALIMPONG,22,Kalimpong,29,Lingsekha Tribal Prathamik Pathshala,wb_pdfs/draft_rolls/a0220029.pdf
KALIMPONG,22,Kalimpong,29,Lingsekha Tribal Prathamik Pathshala,wb_pdfs/supplements/a0220029.pdf
KALIMPONG,22,Kalimpong,30,Kolbong Primary School,wb_pdfs/draft_rolls/a0220030.pdf
KALIMPONG,22,Kalimpong,30,Kolbong Primary School,wb_pdfs/supplements/a0220030.pdf
KALIMPONG,22,Kalimpong,31,Beech Kagay Primary School,wb_pdfs/draft_rolls/a0220031.pdf
KALIMPONG,22,Kalimpong,31,Beech Kagay Primary School,wb_pdfs/supplements/a0220031.pdf
KALIMPONG,22,Kalimpong,32,Duka Prathamik Pathshala,wb_pdfs/draft_rolls/a0220032.pdf
KALIMPONG,22,Kalimpong,32,Duka Prathamik Pathshala,wb_pdfs/supplements/a0220032.pdf
KALIMPONG,22,Kalimpong,33,Kagey Junior Basic School,wb_pdfs/draft_rolls/a0220033.pdf
KALIMPONG,22,Kalimpong,33,Kagey Junior Basic School,wb_pdfs/supplements/a0220033.pdf
KALIMPONG,22,Kalimpong,34,Kagey High School,wb_pdfs/draft_rolls/a0220034.pdf
KALIMPONG,22,Kalimpong,34,Kagey High School,wb_pdfs/supplements/a0220034.pdf
KALIMPONG,22,Kalimpong,35,St. Mary Primary School,wb_pdfs/draft_rolls/a0220035.pdf
KALIMPONG,22,Kalimpong,35,St. Mary Primary School,wb_pdfs/supplements/a0220035.pdf
KALIMPONG,22,Kalimpong,36,Upper Ladam Prathamik Pathshala,wb_pdfs/draft_rolls/a0220036.pdf
KALIMPONG,22,Kalimpong,36,Upper Ladam Prathamik Pathshala,wb_pdfs/supplements/a0220036.pdf
KALIMPONG,22,Kalimpong,37,Chaturbuddi Junior Basic School,wb_pdfs/draft_rolls/a0220037.pdf
KALIMPONG,22,Kalimpong,37,Chaturbuddi Junior Basic School,wb_pdfs/supplements/a0220037.pdf
KALIMPONG,22,Kalimpong,38,Cericulturer Office,wb_pdfs/draft_rolls/a0220038.pdf
KALIMPONG,22,Kalimpong,38,Cericulturer Office,wb_pdfs/supplements/a0220038.pdf
KALIMPONG,22,Kalimpong,39,Sangchen Dorji Junior Basic School (Ground Floor),wb_pdfs/draft_rolls/a0220039.pdf
KALIMPONG,22,Kalimpong,39,Sangchen Dorji Junior Basic School (Ground Floor),wb_pdfs/supplements/a0220039.pdf
KALIMPONG,22,Kalimpong,40,Rammati Prathamik Pathshala,wb_pdfs/draft_rolls/a0220040.pdf
KALIMPONG,22,Kalimpong,40,Rammati Prathamik Pathshala,wb_pdfs/supplements/a0220040.pdf
KALIMPONG,22,Kalimpong,41,Pratap Prathamik School,wb_pdfs/draft_rolls/a0220041.pdf
KALIMPONG,22,Kalimpong,41,Pratap Prathamik School,wb_pdfs/supplements/a0220041.pdf
KALIMPONG,22,Kalimpong,42,Najong Prathamik Pathshala,wb_pdfs/draft_rolls/a0220042.pdf
KALIMPONG,22,Kalimpong,42,Najong Prathamik Pathshala,wb_pdfs/supplements/a0220042.pdf
KALIMPONG,22,Kalimpong,43,Algarah High School,wb_pdfs/draft_rolls/a0220043.pdf
KALIMPONG,22,Kalimpong,43,Algarah High School,wb_pdfs/supplements/a0220043.pdf
KALIMPONG,22,Kalimpong,44,Algarah Primary School,wb_pdfs/draft_rolls/a0220044.pdf
KALIMPONG,22,Kalimpong,44,Algarah Primary School,wb_pdfs/supplements/a0220044.pdf
KALIMPONG,22,Kalimpong,45,"St. Anthonys Pathsala, Mirik",wb_pdfs/draft_rolls/a0220045.pdf
KALIMPONG,22,Kalimpong,45,"St. Anthonys Pathsala, Mirik",wb_pdfs/supplements/a0220045.pdf
KALIMPONG,22,Kalimpong,46,Fulmati Prathamik Pathshala,wb_pdfs/draft_rolls/a0220046.pdf
KALIMPONG,22,Kalimpong,46,Fulmati Prathamik Pathshala,wb_pdfs/supplements/a0220046.pdf
KALIMPONG,22,Kalimpong,47,Mul Santuk Prathamik Pathshala,wb_pdfs/draft_rolls/a0220047.pdf
KALIMPONG,22,Kalimpong,47,Mul Santuk Prathamik Pathshala,wb_pdfs/supplements/a0220047.pdf
KALIMPONG,22,Kalimpong,48,Pagang Gumba High School,wb_pdfs/draft_rolls/a0220048.pdf
KALIMPONG,22,Kalimpong,48,Pagang Gumba High School,wb_pdfs/supplements/a0220048.pdf
KALIMPONG,22,Kalimpong,49,Pagang Gumba Junior Basic School,wb_pdfs/draft_rolls/a0220049.pdf
KALIMPONG,22,Kalimpong,49,Pagang Gumba Junior Basic School,wb_pdfs/supplements/a0220049.pdf
KALIMPONG,22,Kalimpong,50,Pagang Gumba Junior Basic School,wb_pdfs/draft_rolls/a0220050.pdf
KALIMPONG,22,Kalimpong,50,Pagang Gumba Junior Basic School,wb_pdfs/supplements/a0220050.pdf
KALIMPONG,22,Kalimpong,51,Garigaon Junior Basic School,wb_pdfs/draft_rolls/a0220051.pdf
KALIMPONG,22,Kalimpong,51,Garigaon Junior Basic School,wb_pdfs/supplements/a0220051.pdf
KALIMPONG,22,Kalimpong,52,Sardeshwari Prathamik Pathshala,wb_pdfs/draft_rolls/a0220052.pdf
KALIMPONG,22,Kalimpong,52,Sardeshwari Prathamik Pathshala,wb_pdfs/supplements/a0220052.pdf
KALIMPONG,22,Kalimpong,53,Bidyang Prathamik Pathshala,wb_pdfs/draft_rolls/a0220053.pdf
KALIMPONG,22,Kalimpong,53,Bidyang Prathamik Pathshala,wb_pdfs/supplements/a0220053.pdf
KALIMPONG,22,Kalimpong,54,Dalapchand Junior Basic School,wb_pdfs/draft_rolls/a0220054.pdf
KALIMPONG,22,Kalimpong,54,Dalapchand Junior Basic School,wb_pdfs/supplements/a0220054.pdf
KALIMPONG,22,Kalimpong,55,Dalapchand Junior Basic School,wb_pdfs/draft_rolls/a0220055.pdf
KALIMPONG,22,Kalimpong,55,Dalapchand Junior Basic School,wb_pdfs/supplements/a0220055.pdf
KALIMPONG,22,Kalimpong,56,Lower Dalapchand Prathamik Pathshala,wb_pdfs/draft_rolls/a0220056.pdf
KALIMPONG,22,Kalimpong,56,Lower Dalapchand Prathamik Pathshala,wb_pdfs/supplements/a0220056.pdf
KALIMPONG,22,Kalimpong,57,Nokdara Prathamik Pathshala,wb_pdfs/draft_rolls/a0220057.pdf
KALIMPONG,22,Kalimpong,57,Nokdara Prathamik Pathshala,wb_pdfs/supplements/a0220057.pdf
KALIMPONG,22,Kalimpong,58,Gitbeong Prathamik Pathshala,wb_pdfs/draft_rolls/a0220058.pdf
KALIMPONG,22,Kalimpong,58,Gitbeong Prathamik Pathshala,wb_pdfs/supplements/a0220058.pdf
KALIMPONG,22,Kalimpong,59,Lava Primary School,wb_pdfs/draft_rolls/a0220059.pdf
KALIMPONG,22,Kalimpong,59,Lava Primary School,wb_pdfs/supplements/a0220059.pdf
KALIMPONG,22,Kalimpong,60,Lava Primary School,wb_pdfs/draft_rolls/a0220060.pdf
KALIMPONG,22,Kalimpong,60,Lava Primary School,wb_pdfs/supplements/a0220060.pdf
KALIMPONG,22,Kalimpong,61,Sampu Junior High School,wb_pdfs/draft_rolls/a0220061.pdf
KALIMPONG,22,Kalimpong,61,Sampu Junior High School,wb_pdfs/supplements/a0220061.pdf
KALIMPONG,22,Kalimpong,62,Loley Junior Basic School,wb_pdfs/draft_rolls/a0220062.pdf
KALIMPONG,22,Kalimpong,62,Loley Junior Basic School,wb_pdfs/supplements/a0220062.pdf
KALIMPONG,22,Kalimpong,63,Baidhyanidhi Primary School,wb_pdfs/draft_rolls/a0220063.pdf
KALIMPONG,22,Kalimpong,63,Baidhyanidhi Primary School,wb_pdfs/supplements/a0220063.pdf
KALIMPONG,22,Kalimpong,64,Mool Pala Primary School,wb_pdfs/draft_rolls/a0220064.pdf
KALIMPONG,22,Kalimpong,64,Mool Pala Primary School,wb_pdfs/supplements/a0220064.pdf
KALIMPONG,22,Kalimpong,65,Gitdabling Junior Basic School,wb_pdfs/draft_rolls/a0220065.pdf
KALIMPONG,22,Kalimpong,65,Gitdabling Junior Basic School,wb_pdfs/supplements/a0220065.pdf
KALIMPONG,22,Kalimpong,66,Chyangdung Primary School,wb_pdfs/draft_rolls/a0220066.pdf
KALIMPONG,22,Kalimpong,66,Chyangdung Primary School,wb_pdfs/supplements/a0220066.pdf
KALIMPONG,22,Kalimpong,67,Pakang Junior Basic School,wb_pdfs/draft_rolls/a0220067.pdf
KALIMPONG,22,Kalimpong,67,Pakang Junior Basic School,wb_pdfs/supplements/a0220067.pdf
KALIMPONG,22,Kalimpong,68,Dabling Primary School,wb_pdfs/draft_rolls/a0220068.pdf
KALIMPONG,22,Kalimpong,68,Dabling Primary School,wb_pdfs/supplements/a0220068.pdf
KALIMPONG,22,Kalimpong,69,Pochak Prathamik Pathshala,wb_pdfs/draft_rolls/a0220069.pdf
KALIMPONG,22,Kalimpong,69,Pochak Prathamik Pathshala,wb_pdfs/supplements/a0220069.pdf
KALIMPONG,22,Kalimpong,70,Information & Cultural Office,wb_pdfs/draft_rolls/a0220070.pdf
KALIMPONG,22,Kalimpong,70,Information & Cultural Office,wb_pdfs/supplements/a0220070.pdf
KALIMPONG,22,Kalimpong,71,Sub-Divisional Food And Supply Office,wb_pdfs/draft_rolls/a0220071.pdf
KALIMPONG,22,Kalimpong,71,Sub-Divisional Food And Supply Office,wb_pdfs/supplements/a0220071.pdf
KALIMPONG,22,Kalimpong,72,Girls High School,wb_pdfs/draft_rolls/a0220072.pdf
KALIMPONG,22,Kalimpong,72,Girls High School,wb_pdfs/supplements/a0220072.pdf
KALIMPONG,22,Kalimpong,73,Girls High School,wb_pdfs/draft_rolls/a0220073.pdf
KALIMPONG,22,Kalimpong,73,Girls High School,wb_pdfs/supplements/a0220073.pdf
KALIMPONG,22,Kalimpong,74,Girls High School,wb_pdfs/draft_rolls/a0220074.pdf
KALIMPONG,22,Kalimpong,74,Girls High School,wb_pdfs/supplements/a0220074.pdf
KALIMPONG,22,Kalimpong,75,Girls High School,wb_pdfs/draft_rolls/a0220075.pdf
KALIMPONG,22,Kalimpong,75,Girls High School,wb_pdfs/supplements/a0220075.pdf
KALIMPONG,22,Kalimpong,76,S.U.M.I Robertson Memorial Primary School,wb_pdfs/draft_rolls/a0220076.pdf
KALIMPONG,22,Kalimpong,76,S.U.M.I Robertson Memorial Primary School,wb_pdfs/supplements/a0220076.pdf
KALIMPONG,22,Kalimpong,77,S.U.M.I Robertson Memorial Primary School,wb_pdfs/draft_rolls/a0220077.pdf
KALIMPONG,22,Kalimpong,77,S.U.M.I Robertson Memorial Primary School,wb_pdfs/supplements/a0220077.pdf
KALIMPONG,22,Kalimpong,78,W.B.S.E.D.C.L. 10th Mile Kalimpong Supply,wb_pdfs/draft_rolls/a0220078.pdf
KALIMPONG,22,Kalimpong,78,W.B.S.E.D.C.L. 10th Mile Kalimpong Supply,wb_pdfs/supplements/a0220078.pdf
KALIMPONG,22,Kalimpong,79,W.B.S.E.D.C.L. 10th Mile Kalimpong Supply,wb_pdfs/draft_rolls/a0220079.pdf
KALIMPONG,22,Kalimpong,79,W.B.S.E.D.C.L. 10th Mile Kalimpong Supply,wb_pdfs/supplements/a0220079.pdf
KALIMPONG,22,Kalimpong,80,C.S.T. School,wb_pdfs/draft_rolls/a0220080.pdf
KALIMPONG,22,Kalimpong,80,C.S.T. School,wb_pdfs/supplements/a0220080.pdf
KALIMPONG,22,Kalimpong,81,C.S.T. School,wb_pdfs/draft_rolls/a0220081.pdf
KALIMPONG,22,Kalimpong,81,C.S.T. School,wb_pdfs/supplements/a0220081.pdf
KALIMPONG,22,Kalimpong,82,C.S.T. School,wb_pdfs/draft_rolls/a0220082.pdf
KALIMPONG,22,Kalimpong,82,C.S.T. School,wb_pdfs/supplements/a0220082.pdf
KALIMPONG,22,Kalimpong,83,C.S.T. School,wb_pdfs/draft_rolls/a0220083.pdf
KALIMPONG,22,Kalimpong,83,C.S.T. School,wb_pdfs/supplements/a0220083.pdf
KALIMPONG,22,Kalimpong,84,Pranami Balika Vidya Mandir,wb_pdfs/draft_rolls/a0220084.pdf
KALIMPONG,22,Kalimpong,84,Pranami Balika Vidya Mandir,wb_pdfs/supplements/a0220084.pdf
KALIMPONG,22,Kalimpong,85,Pranami Balika Vidya Mandir,wb_pdfs/draft_rolls/a0220085.pdf
KALIMPONG,22,Kalimpong,85,Pranami Balika Vidya Mandir,wb_pdfs/supplements/a0220085.pdf
KALIMPONG,22,Kalimpong,86,Pranami Balika Vidya Mandir,wb_pdfs/draft_rolls/a0220086.pdf
KALIMPONG,22,Kalimpong,86,Pranami Balika Vidya Mandir,wb_pdfs/supplements/a0220086.pdf
KALIMPONG,22,Kalimpong,87,Springdale Academy,wb_pdfs/draft_rolls/a0220087.pdf
KALIMPONG,22,Kalimpong,87,Springdale Academy,wb_pdfs/supplements/a0220087.pdf
KALIMPONG,22,Kalimpong,88,Springdale Academy,wb_pdfs/draft_rolls/a0220088.pdf
KALIMPONG,22,Kalimpong,88,Springdale Academy,wb_pdfs/supplements/a0220088.pdf
KALIMPONG,22,Kalimpong,89,"D.G.H.C. Community Hall,",wb_pdfs/draft_rolls/a0220089.pdf
KALIMPONG,22,Kalimpong,89,"D.G.H.C. Community Hall,",wb_pdfs/supplements/a0220089.pdf
KALIMPONG,22,Kalimpong,90,Chest Clinic,wb_pdfs/draft_rolls/a0220090.pdf
KALIMPONG,22,Kalimpong,90,Chest Clinic,wb_pdfs/supplements/a0220090.pdf
KALIMPONG,22,Kalimpong,91,Municipal Junior Basic School,wb_pdfs/draft_rolls/a0220091.pdf
KALIMPONG,22,Kalimpong,91,Municipal Junior Basic School,wb_pdfs/supplements/a0220091.pdf
KALIMPONG,22,Kalimpong,92,Municipal Junior Basic School,wb_pdfs/draft_rolls/a0220092.pdf
KALIMPONG,22,Kalimpong,92,Municipal Junior Basic School,wb_pdfs/supplements/a0220092.pdf
KALIMPONG,22,Kalimpong,93,Municipal Junior Basic School,wb_pdfs/draft_rolls/a0220093.pdf
KALIMPONG,22,Kalimpong,93,Municipal Junior Basic School,wb_pdfs/supplements/a0220093.pdf
KALIMPONG,22,Kalimpong,94,Municipal Junior Basic School,wb_pdfs/draft_rolls/a0220094.pdf
KALIMPONG,22,Kalimpong,94,Municipal Junior Basic School,wb_pdfs/supplements/a0220094.pdf
KALIMPONG,22,Kalimpong,95,Jubilee High School,wb_pdfs/draft_rolls/a0220095.pdf
KALIMPONG,22,Kalimpong,95,Jubilee High School,wb_pdfs/supplements/a0220095.pdf
KALIMPONG,22,Kalimpong,96,Kumudini Homes,wb_pdfs/draft_rolls/a0220096.pdf
KALIMPONG,22,Kalimpong,96,Kumudini Homes,wb_pdfs/supplements/a0220096.pdf
KALIMPONG,22,Kalimpong,97,Kumudini Homes,wb_pdfs/draft_rolls/a0220097.pdf
KALIMPONG,22,Kalimpong,97,Kumudini Homes,wb_pdfs/supplements/a0220097.pdf
KALIMPONG,22,Kalimpong,98,Jubilee High School,wb_pdfs/draft_rolls/a0220098.pdf
KALIMPONG,22,Kalimpong,98,Jubilee High School,wb_pdfs/supplements/a0220098.pdf
KALIMPONG,22,Kalimpong,99,East Main Road Prathamik Pathshala,wb_pdfs/draft_rolls/a0220099.pdf
KALIMPONG,22,Kalimpong,99,East Main Road Prathamik Pathshala,wb_pdfs/supplements/a0220099.pdf
KALIMPONG,22,Kalimpong,100,East Main Road Prathamik Pathshala,wb_pdfs/draft_rolls/a0220100.pdf
KALIMPONG,22,Kalimpong,100,East Main Road Prathamik Pathshala,wb_pdfs/supplements/a0220100.pdf
KALIMPONG,22,Kalimpong,101,Sai Institute Of Education & Research,wb_pdfs/draft_rolls/a0220101.pdf
KALIMPONG,22,Kalimpong,101,Sai Institute Of Education & Research,wb_pdfs/supplements/a0220101.pdf
KALIMPONG,22,Kalimpong,102,Sai Institute Of Education & Research,wb_pdfs/draft_rolls/a0220102.pdf
KALIMPONG,22,Kalimpong,102,Sai Institute Of Education & Research,wb_pdfs/supplements/a0220102.pdf
KALIMPONG,22,Kalimpong,103,Development Primary School,wb_pdfs/draft_rolls/a0220103.pdf
KALIMPONG,22,Kalimpong,103,Development Primary School,wb_pdfs/supplements/a0220103.pdf
KALIMPONG,22,Kalimpong,104,Government Junior Basic School,wb_pdfs/draft_rolls/a0220104.pdf
KALIMPONG,22,Kalimpong,104,Government Junior Basic School,wb_pdfs/supplements/a0220104.pdf
KALIMPONG,22,Kalimpong,105,Development Primary School,wb_pdfs/draft_rolls/a0220105.pdf
KALIMPONG,22,Kalimpong,105,Development Primary School,wb_pdfs/supplements/a0220105.pdf
KALIMPONG,22,Kalimpong,106,Development Primary School,wb_pdfs/draft_rolls/a0220106.pdf
KALIMPONG,22,Kalimpong,106,Development Primary School,wb_pdfs/supplements/a0220106.pdf
KALIMPONG,22,Kalimpong,107,St. Augustine School Ground Floor,wb_pdfs/draft_rolls/a0220107.pdf
KALIMPONG,22,Kalimpong,107,St. Augustine School Ground Floor,wb_pdfs/supplements/a0220107.pdf
KALIMPONG,22,Kalimpong,108,St. Augustine School Ground Floor,wb_pdfs/draft_rolls/a0220108.pdf
KALIMPONG,22,Kalimpong,108,St. Augustine School Ground Floor,wb_pdfs/supplements/a0220108.pdf
KALIMPONG,22,Kalimpong,109,Rockvale Academy,wb_pdfs/draft_rolls/a0220109.pdf
KALIMPONG,22,Kalimpong,109,Rockvale Academy,wb_pdfs/supplements/a0220109.pdf
KALIMPONG,22,Kalimpong,110,Rockvale Academy,wb_pdfs/draft_rolls/a0220110.pdf
KALIMPONG,22,Kalimpong,110,Rockvale Academy,wb_pdfs/supplements/a0220110.pdf
KALIMPONG,22,Kalimpong,111,Kalimpong Government High School,wb_pdfs/draft_rolls/a0220111.pdf
KALIMPONG,22,Kalimpong,111,Kalimpong Government High School,wb_pdfs/supplements/a0220111.pdf
KALIMPONG,22,Kalimpong,112,Kalimpong Government High School,wb_pdfs/draft_rolls/a0220112.pdf
KALIMPONG,22,Kalimpong,112,Kalimpong Government High School,wb_pdfs/supplements/a0220112.pdf
KALIMPONG,22,Kalimpong,113,P.H.E. Water Works Office General Room,wb_pdfs/draft_rolls/a0220113.pdf
KALIMPONG,22,Kalimpong,113,P.H.E. Water Works Office General Room,wb_pdfs/supplements/a0220113.pdf
KALIMPONG,22,Kalimpong,114,Government Junior Basic School,wb_pdfs/draft_rolls/a0220114.pdf
KALIMPONG,22,Kalimpong,114,Government Junior Basic School,wb_pdfs/supplements/a0220114.pdf
KALIMPONG,22,Kalimpong,115,Government Junior Basic School,wb_pdfs/draft_rolls/a0220115.pdf
KALIMPONG,22,Kalimpong,115,Government Junior Basic School,wb_pdfs/supplements/a0220115.pdf
KALIMPONG,22,Kalimpong,116,Basantamaya Junior Basic School,wb_pdfs/draft_rolls/a0220116.pdf
KALIMPONG,22,Kalimpong,116,Basantamaya Junior Basic School,wb_pdfs/supplements/a0220116.pdf
KALIMPONG,22,Kalimpong,117,Sangsey Border Primary School,wb_pdfs/draft_rolls/a0220117.pdf
KALIMPONG,22,Kalimpong,117,Sangsey Border Primary School,wb_pdfs/supplements/a0220117.pdf
KALIMPONG,22,Kalimpong,118,Champa Maya Junior Basic School,wb_pdfs/draft_rolls/a0220118.pdf
KALIMPONG,22,Kalimpong,118,Champa Maya Junior Basic School,wb_pdfs/supplements/a0220118.pdf
KALIMPONG,22,Kalimpong,119,Champa Maya Junior Basic School,wb_pdfs/draft_rolls/a0220119.pdf
KALIMPONG,22,Kalimpong,119,Champa Maya Junior Basic School,wb_pdfs/supplements/a0220119.pdf
KALIMPONG,22,Kalimpong,120,Champa Maya Junior Basic School,wb_pdfs/draft_rolls/a0220120.pdf
KALIMPONG,22,Kalimpong,120,Champa Maya Junior Basic School,wb_pdfs/supplements/a0220120.pdf
KALIMPONG,22,Kalimpong,121,Community Hall Mandal Gaon,wb_pdfs/draft_rolls/a0220121.pdf
KALIMPONG,22,Kalimpong,121,Community Hall Mandal Gaon,wb_pdfs/supplements/a0220121.pdf
KALIMPONG,22,Kalimpong,122,Nasey Prathamik Pathshala,wb_pdfs/draft_rolls/a0220122.pdf
KALIMPONG,22,Kalimpong,122,Nasey Prathamik Pathshala,wb_pdfs/supplements/a0220122.pdf
KALIMPONG,22,Kalimpong,123,Poshyor Prathamik Pathsala,wb_pdfs/draft_rolls/a0220123.pdf
KALIMPONG,22,Kalimpong,123,Poshyor Prathamik Pathsala,wb_pdfs/supplements/a0220123.pdf
KALIMPONG,22,Kalimpong,124,Ringkingpong Prathamik Pathshala,wb_pdfs/draft_rolls/a0220124.pdf
KALIMPONG,22,Kalimpong,124,Ringkingpong Prathamik Pathshala,wb_pdfs/supplements/a0220124.pdf
KALIMPONG,22,Kalimpong,125,Saraswati Prathamik Pathshala,wb_pdfs/draft_rolls/a0220125.pdf
KALIMPONG,22,Kalimpong,125,Saraswati Prathamik Pathshala,wb_pdfs/supplements/a0220125.pdf
KALIMPONG,22,Kalimpong,126,Saraswati Prathamik Pathshala,wb_pdfs/draft_rolls/a0220126.pdf
KALIMPONG,22,Kalimpong,126,Saraswati Prathamik Pathshala,wb_pdfs/supplements/a0220126.pdf
KALIMPONG,22,Kalimpong,127,7 Mile Junior Basic School,wb_pdfs/draft_rolls/a0220127.pdf
KALIMPONG,22,Kalimpong,127,7 Mile Junior Basic School,wb_pdfs/supplements/a0220127.pdf
KALIMPONG,22,Kalimpong,128,Purbong S.S.K. Centre,wb_pdfs/draft_rolls/a0220128.pdf
KALIMPONG,22,Kalimpong,128,Purbong S.S.K. Centre,wb_pdfs/supplements/a0220128.pdf
KALIMPONG,22,Kalimpong,129,Himul Kendra Upper Tanek,wb_pdfs/draft_rolls/a0220129.pdf
KALIMPONG,22,Kalimpong,129,Himul Kendra Upper Tanek,wb_pdfs/supplements/a0220129.pdf
KALIMPONG,22,Kalimpong,130,Tanek Basty Primary School,wb_pdfs/draft_rolls/a0220130.pdf
KALIMPONG,22,Kalimpong,130,Tanek Basty Primary School,wb_pdfs/supplements/a0220130.pdf
KALIMPONG,22,Kalimpong,131,Tashiding Junior Basic School,wb_pdfs/draft_rolls/a0220131.pdf
KALIMPONG,22,Kalimpong,131,Tashiding Junior Basic School,wb_pdfs/supplements/a0220131.pdf
KALIMPONG,22,Kalimpong,132,"S. S. K. Centre, 3 1/2 Mile,",wb_pdfs/draft_rolls/a0220132.pdf
KALIMPONG,22,Kalimpong,132,"S. S. K. Centre, 3 1/2 Mile,",wb_pdfs/supplements/a0220132.pdf
KALIMPONG,22,Kalimpong,133,Rambhi Prathamik Pathshala,wb_pdfs/draft_rolls/a0220133.pdf
KALIMPONG,22,Kalimpong,133,Rambhi Prathamik Pathshala,wb_pdfs/supplements/a0220133.pdf
KALIMPONG,22,Kalimpong,134,Rambhi  High School,wb_pdfs/draft_rolls/a0220134.pdf
KALIMPONG,22,Kalimpong,134,Rambhi  High School,wb_pdfs/supplements/a0220134.pdf
KALIMPONG,22,Kalimpong,135,Tarzam Primary School,wb_pdfs/draft_rolls/a0220135.pdf
KALIMPONG,22,Kalimpong,135,Tarzam Primary School,wb_pdfs/supplements/a0220135.pdf
KALIMPONG,22,Kalimpong,136,Tista Bridge Higher Secondary School,wb_pdfs/draft_rolls/a0220136.pdf
KALIMPONG,22,Kalimpong,136,Tista Bridge Higher Secondary School,wb_pdfs/supplements/a0220136.pdf
KALIMPONG,22,Kalimpong,137,Tista Bridge Higher Secondary School,wb_pdfs/draft_rolls/a0220137.pdf
KALIMPONG,22,Kalimpong,137,Tista Bridge Higher Secondary School,wb_pdfs/supplements/a0220137.pdf
KALIMPONG,22,Kalimpong,138,"Community Hall, Krishnagram",wb_pdfs/draft_rolls/a0220138.pdf
KALIMPONG,22,Kalimpong,138,"Community Hall, Krishnagram",wb_pdfs/supplements/a0220138.pdf
KALIMPONG,22,Kalimpong,139,Malli Bazar Prathamik Pathshala,wb_pdfs/draft_rolls/a0220139.pdf
KALIMPONG,22,Kalimpong,139,Malli Bazar Prathamik Pathshala,wb_pdfs/supplements/a0220139.pdf
KALIMPONG,22,Kalimpong,140,Baluwa Khani Prathamik Pathshala,wb_pdfs/draft_rolls/a0220140.pdf
KALIMPONG,22,Kalimpong,140,Baluwa Khani Prathamik Pathshala,wb_pdfs/supplements/a0220140.pdf
KALIMPONG,22,Kalimpong,141,Kabigaon Prathamik Pathshala,wb_pdfs/draft_rolls/a0220141.pdf
KALIMPONG,22,Kalimpong,141,Kabigaon Prathamik Pathshala,wb_pdfs/supplements/a0220141.pdf
KALIMPONG,22,Kalimpong,142,Samthar High School,wb_pdfs/draft_rolls/a0220142.pdf
KALIMPONG,22,Kalimpong,142,Samthar High School,wb_pdfs/supplements/a0220142.pdf
KALIMPONG,22,Kalimpong,143,Lower Dong Prathamik Pathshala,wb_pdfs/draft_rolls/a0220143.pdf
KALIMPONG,22,Kalimpong,143,Lower Dong Prathamik Pathshala,wb_pdfs/supplements/a0220143.pdf
KALIMPONG,22,Kalimpong,144,Dong Primary School (Old R. C. Mission School),wb_pdfs/draft_rolls/a0220144.pdf
KALIMPONG,22,Kalimpong,144,Dong Primary School (Old R. C. Mission School),wb_pdfs/supplements/a0220144.pdf
KALIMPONG,22,Kalimpong,145,Yangri Free Primary School,wb_pdfs/draft_rolls/a0220145.pdf
KALIMPONG,22,Kalimpong,145,Yangri Free Primary School,wb_pdfs/supplements/a0220145.pdf
KALIMPONG,22,Kalimpong,146,Panbu Prathamik Pathshala,wb_pdfs/draft_rolls/a0220146.pdf
KALIMPONG,22,Kalimpong,146,Panbu Prathamik Pathshala,wb_pdfs/supplements/a0220146.pdf
KALIMPONG,22,Kalimpong,147,Makum Prathamik Pathshala,wb_pdfs/draft_rolls/a0220147.pdf
KALIMPONG,22,Kalimpong,147,Makum Prathamik Pathshala,wb_pdfs/supplements/a0220147.pdf
KALIMPONG,22,Kalimpong,148,Tamyang Prathamik Pathshala,wb_pdfs/draft_rolls/a0220148.pdf
KALIMPONG,22,Kalimpong,148,Tamyang Prathamik Pathshala,wb_pdfs/supplements/a0220148.pdf
KALIMPONG,22,Kalimpong,149,Nabgaon Prathamik Pathshala,wb_pdfs/draft_rolls/a0220149.pdf
KALIMPONG,22,Kalimpong,149,Nabgaon Prathamik Pathshala,wb_pdfs/supplements/a0220149.pdf
KALIMPONG,22,Kalimpong,150,Mine Prathamik Pathshala,wb_pdfs/draft_rolls/a0220150.pdf
KALIMPONG,22,Kalimpong,150,Mine Prathamik Pathshala,wb_pdfs/supplements/a0220150.pdf
KALIMPONG,22,Kalimpong,151,Lungrep Primary School,wb_pdfs/draft_rolls/a0220151.pdf
KALIMPONG,22,Kalimpong,151,Lungrep Primary School,wb_pdfs/supplements/a0220151.pdf
KALIMPONG,22,Kalimpong,152,Barbot High School,wb_pdfs/draft_rolls/a0220152.pdf
KALIMPONG,22,Kalimpong,152,Barbot High School,wb_pdfs/supplements/a0220152.pdf
KALIMPONG,22,Kalimpong,153,Chunabhatti Prathamik Pathshala,wb_pdfs/draft_rolls/a0220153.pdf
KALIMPONG,22,Kalimpong,153,Chunabhatti Prathamik Pathshala,wb_pdfs/supplements/a0220153.pdf
KALIMPONG,22,Kalimpong,154,Mongpong Forest Busty Prathamik Pathshala,wb_pdfs/draft_rolls/a0220154.pdf
KALIMPONG,22,Kalimpong,154,Mongpong Forest Busty Prathamik Pathshala,wb_pdfs/supplements/a0220154.pdf
KALIMPONG,22,Kalimpong,155,Nimbong Prathamik Pathshala,wb_pdfs/draft_rolls/a0220155.pdf
KALIMPONG,22,Kalimpong,155,Nimbong Prathamik Pathshala,wb_pdfs/supplements/a0220155.pdf
KALIMPONG,22,Kalimpong,156,Geshok Prathamik Pathshala,wb_pdfs/draft_rolls/a0220156.pdf
KALIMPONG,22,Kalimpong,156,Geshok Prathamik Pathshala,wb_pdfs/supplements/a0220156.pdf
KALIMPONG,22,Kalimpong,157,Dalapchand Prathamik Pathshala,wb_pdfs/draft_rolls/a0220157.pdf
KALIMPONG,22,Kalimpong,157,Dalapchand Prathamik Pathshala,wb_pdfs/supplements/a0220157.pdf
KALIMPONG,22,Kalimpong,158,Pemling Prathamik Pathshala,wb_pdfs/draft_rolls/a0220158.pdf
KALIMPONG,22,Kalimpong,158,Pemling Prathamik Pathshala,wb_pdfs/supplements/a0220158.pdf
KALIMPONG,22,Kalimpong,159,Reyon Prathamik Pathshala,wb_pdfs/draft_rolls/a0220159.pdf
KALIMPONG,22,Kalimpong,159,Reyon Prathamik Pathshala,wb_pdfs/supplements/a0220159.pdf
KALIMPONG,22,Kalimpong,160,R.B. Yonzon Memorial Gramin Library,wb_pdfs/draft_rolls/a0220160.pdf
KALIMPONG,22,Kalimpong,160,R.B. Yonzon Memorial Gramin Library,wb_pdfs/supplements/a0220160.pdf
KALIMPONG,22,Kalimpong,161,Lower Samalbong Prathamik Pathshala,wb_pdfs/draft_rolls/a0220161.pdf
KALIMPONG,22,Kalimpong,161,Lower Samalbong Prathamik Pathshala,wb_pdfs/supplements/a0220161.pdf
KALIMPONG,22,Kalimpong,162,Shankar Higher Secondary School,wb_pdfs/draft_rolls/a0220162.pdf
KALIMPONG,22,Kalimpong,162,Shankar Higher Secondary School,wb_pdfs/supplements/a0220162.pdf
KALIMPONG,22,Kalimpong,163,Loley Gaon Primary School,wb_pdfs/draft_rolls/a0220163.pdf
KALIMPONG,22,Kalimpong,163,Loley Gaon Primary School,wb_pdfs/supplements/a0220163.pdf
KALIMPONG,22,Kalimpong,164,"BSNL Station Office, Aldara",wb_pdfs/draft_rolls/a0220164.pdf
KALIMPONG,22,Kalimpong,164,"BSNL Station Office, Aldara",wb_pdfs/supplements/a0220164.pdf
KALIMPONG,22,Kalimpong,165,S. H. G. Cluster House,wb_pdfs/draft_rolls/a0220165.pdf
KALIMPONG,22,Kalimpong,165,S. H. G. Cluster House,wb_pdfs/supplements/a0220165.pdf
KALIMPONG,22,Kalimpong,166,Saraswati Rudra Junior Basic School,wb_pdfs/draft_rolls/a0220166.pdf
KALIMPONG,22,Kalimpong,166,Saraswati Rudra Junior Basic School,wb_pdfs/supplements/a0220166.pdf
KALIMPONG,22,Kalimpong,167,Bong Prathamik Pathshala,wb_pdfs/draft_rolls/a0220167.pdf
KALIMPONG,22,Kalimpong,167,Bong Prathamik Pathshala,wb_pdfs/supplements/a0220167.pdf
KALIMPONG,22,Kalimpong,168,Kamshi Forest Busty Prathamik Pathsala,wb_pdfs/draft_rolls/a0220168.pdf
KALIMPONG,22,Kalimpong,168,Kamshi Forest Busty Prathamik Pathsala,wb_pdfs/supplements/a0220168.pdf
KALIMPONG,22,Kalimpong,169,Ganesh High School,wb_pdfs/draft_rolls/a0220169.pdf
KALIMPONG,22,Kalimpong,169,Ganesh High School,wb_pdfs/supplements/a0220169.pdf
KALIMPONG,22,Kalimpong,170,Ganesh High School,wb_pdfs/draft_rolls/a0220170.pdf
KALIMPONG,22,Kalimpong,170,Ganesh High School,wb_pdfs/supplements/a0220170.pdf
KALIMPONG,22,Kalimpong,171,Primtam Junior Basic School,wb_pdfs/draft_rolls/a0220171.pdf
KALIMPONG,22,Kalimpong,171,Primtam Junior Basic School,wb_pdfs/supplements/a0220171.pdf
KALIMPONG,22,Kalimpong,172,Jyoti Junior High School,wb_pdfs/draft_rolls/a0220172.pdf
KALIMPONG,22,Kalimpong,172,Jyoti Junior High School,wb_pdfs/supplements/a0220172.pdf
KALIMPONG,22,Kalimpong,173,Kaffer Gaon Primary School,wb_pdfs/draft_rolls/a0220173.pdf
KALIMPONG,22,Kalimpong,173,Kaffer Gaon Primary School,wb_pdfs/supplements/a0220173.pdf
KALIMPONG,22,Kalimpong,174,Purano Kaffer Primary School,wb_pdfs/draft_rolls/a0220174.pdf
KALIMPONG,22,Kalimpong,174,Purano Kaffer Primary School,wb_pdfs/supplements/a0220174.pdf
KALIMPONG,22,Kalimpong,175,Krishna Diwas Pathshala,wb_pdfs/draft_rolls/a0220175.pdf
KALIMPONG,22,Kalimpong,175,Krishna Diwas Pathshala,wb_pdfs/supplements/a0220175.pdf
KALIMPONG,22,Kalimpong,176,Gram Sudharak Pustakaya,wb_pdfs/draft_rolls/a0220176.pdf
KALIMPONG,22,Kalimpong,176,Gram Sudharak Pustakaya,wb_pdfs/supplements/a0220176.pdf
KALIMPONG,22,Kalimpong,177,Pudong Junior Basic School,wb_pdfs/draft_rolls/a0220177.pdf
KALIMPONG,22,Kalimpong,177,Pudong Junior Basic School,wb_pdfs/supplements/a0220177.pdf
KALIMPONG,22,Kalimpong,178,Nirmaya Primary School,wb_pdfs/draft_rolls/a0220178.pdf
KALIMPONG,22,Kalimpong,178,Nirmaya Primary School,wb_pdfs/supplements/a0220178.pdf
KALIMPONG,22,Kalimpong,179,Mani Memorial School,wb_pdfs/draft_rolls/a0220179.pdf
KALIMPONG,22,Kalimpong,179,Mani Memorial School,wb_pdfs/supplements/a0220179.pdf
KALIMPONG,22,Kalimpong,180,Mani Memorial School,wb_pdfs/draft_rolls/a0220180.pdf
KALIMPONG,22,Kalimpong,180,Mani Memorial School,wb_pdfs/supplements/a0220180.pdf
KALIMPONG,22,Kalimpong,181,Nainakumari Pathshala,wb_pdfs/draft_rolls/a0220181.pdf
KALIMPONG,22,Kalimpong,181,Nainakumari Pathshala,wb_pdfs/supplements/a0220181.pdf
KALIMPONG,22,Kalimpong,182,Nainakumari Pathshala,wb_pdfs/draft_rolls/a0220182.pdf
KALIMPONG,22,Kalimpong,182,Nainakumari Pathshala,wb_pdfs/supplements/a0220182.pdf
KALIMPONG,22,Kalimpong,183,SHG Cluster House,wb_pdfs/draft_rolls/a0220183.pdf
KALIMPONG,22,Kalimpong,183,SHG Cluster House,wb_pdfs/supplements/a0220183.pdf
KALIMPONG,22,Kalimpong,184,SHG Cluster House,wb_pdfs/draft_rolls/a0220184.pdf
KALIMPONG,22,Kalimpong,184,SHG Cluster House,wb_pdfs/supplements/a0220184.pdf
KALIMPONG,22,Kalimpong,185,"Club Ghar , Chisopani",wb_pdfs/draft_rolls/a0220185.pdf
KALIMPONG,22,Kalimpong,185,"Club Ghar , Chisopani",wb_pdfs/supplements/a0220185.pdf
KALIMPONG,22,Kalimpong,186,Tshering Nursery School,wb_pdfs/draft_rolls/a0220186.pdf
KALIMPONG,22,Kalimpong,186,Tshering Nursery School,wb_pdfs/supplements/a0220186.pdf
KALIMPONG,22,Kalimpong,187,Zambak Junior Basic School,wb_pdfs/draft_rolls/a0220187.pdf
KALIMPONG,22,Kalimpong,187,Zambak Junior Basic School,wb_pdfs/supplements/a0220187.pdf
KALIMPONG,22,Kalimpong,188,Seed Farm Primary School,wb_pdfs/draft_rolls/a0220188.pdf
KALIMPONG,22,Kalimpong,188,Seed Farm Primary School,wb_pdfs/supplements/a0220188.pdf
KALIMPONG,22,Kalimpong,189,Gangotri Higher Secondary School,wb_pdfs/draft_rolls/a0220189.pdf
KALIMPONG,22,Kalimpong,189,Gangotri Higher Secondary School,wb_pdfs/supplements/a0220189.pdf
KALIMPONG,22,Kalimpong,190,Balyuwa Primary School,wb_pdfs/draft_rolls/a0220190.pdf
KALIMPONG,22,Kalimpong,190,Balyuwa Primary School,wb_pdfs/supplements/a0220190.pdf
KALIMPONG,22,Kalimpong,191,Pashupati Primary School,wb_pdfs/draft_rolls/a0220191.pdf
KALIMPONG,22,Kalimpong,191,Pashupati Primary School,wb_pdfs/supplements/a0220191.pdf
KALIMPONG,22,Kalimpong,192,Ramkrishna Primary School,wb_pdfs/draft_rolls/a0220192.pdf
KALIMPONG,22,Kalimpong,192,Ramkrishna Primary School,wb_pdfs/supplements/a0220192.pdf
KALIMPONG,22,Kalimpong,193,Dr. Grahams Homes Steel Medical Centre,wb_pdfs/draft_rolls/a0220193.pdf
KALIMPONG,22,Kalimpong,193,Dr. Grahams Homes Steel Medical Centre,wb_pdfs/supplements/a0220193.pdf
KALIMPONG,22,Kalimpong,194,Pardi Prathamik Pathsala,wb_pdfs/draft_rolls/a0220194.pdf
KALIMPONG,22,Kalimpong,194,Pardi Prathamik Pathsala,wb_pdfs/supplements/a0220194.pdf
KALIMPONG,22,Kalimpong,195,Dr. Grahams Homes Steel Medical Centre,wb_pdfs/draft_rolls/a0220195.pdf
KALIMPONG,22,Kalimpong,195,Dr. Grahams Homes Steel Medical Centre,wb_pdfs/supplements/a0220195.pdf
KALIMPONG,22,Kalimpong,196,Dr. Grahams Homes Genaral Store,wb_pdfs/draft_rolls/a0220196.pdf
KALIMPONG,22,Kalimpong,196,Dr. Grahams Homes Genaral Store,wb_pdfs/supplements/a0220196.pdf
KALIMPONG,22,Kalimpong,197,Dr. Grahams Homes Farm,wb_pdfs/draft_rolls/a0220197.pdf
KALIMPONG,22,Kalimpong,197,Dr. Grahams Homes Farm,wb_pdfs/supplements/a0220197.pdf
KALIMPONG,22,Kalimpong,198,Bindu Primary School,wb_pdfs/draft_rolls/a0220198.pdf
KALIMPONG,22,Kalimpong,198,Bindu Primary School,wb_pdfs/supplements/a0220198.pdf
KALIMPONG,22,Kalimpong,199,Godak Primary School,wb_pdfs/draft_rolls/a0220199.pdf
KALIMPONG,22,Kalimpong,199,Godak Primary School,wb_pdfs/supplements/a0220199.pdf
KALIMPONG,22,Kalimpong,200,Todey Junior Basic School,wb_pdfs/draft_rolls/a0220200.pdf
KALIMPONG,22,Kalimpong,200,Todey Junior Basic School,wb_pdfs/supplements/a0220200.pdf
KALIMPONG,22,Kalimpong,201,Tangta Primary School,wb_pdfs/draft_rolls/a0220201.pdf
KALIMPONG,22,Kalimpong,201,Tangta Primary School,wb_pdfs/supplements/a0220201.pdf
KALIMPONG,22,Kalimpong,202,Jaldhaka Higher Secondary School,wb_pdfs/draft_rolls/a0220202.pdf
KALIMPONG,22,Kalimpong,202,Jaldhaka Higher Secondary School,wb_pdfs/supplements/a0220202.pdf
KALIMPONG,22,Kalimpong,203,Community Hall Parentar,wb_pdfs/draft_rolls/a0220203.pdf
KALIMPONG,22,Kalimpong,203,Community Hall Parentar,wb_pdfs/supplements/a0220203.pdf
KALIMPONG,22,Kalimpong,204,Parentar Primary School,wb_pdfs/draft_rolls/a0220204.pdf
KALIMPONG,22,Kalimpong,204,Parentar Primary School,wb_pdfs/supplements/a0220204.pdf
KALIMPONG,22,Kalimpong,205,Parentar Primary School,wb_pdfs/draft_rolls/a0220205.pdf
KALIMPONG,22,Kalimpong,205,Parentar Primary School,wb_pdfs/supplements/a0220205.pdf
KALIMPONG,22,Kalimpong,206,Tungsung Prathamik Pathshala,wb_pdfs/draft_rolls/a0220206.pdf
KALIMPONG,22,Kalimpong,206,Tungsung Prathamik Pathshala,wb_pdfs/supplements/a0220206.pdf
KALIMPONG,22,Kalimpong,207,Rongo Higher Secondary School,wb_pdfs/draft_rolls/a0220207.pdf
KALIMPONG,22,Kalimpong,207,Rongo Higher Secondary School,wb_pdfs/supplements/a0220207.pdf
KALIMPONG,22,Kalimpong,208,Rongo Higher Secondary School,wb_pdfs/draft_rolls/a0220208.pdf
KALIMPONG,22,Kalimpong,208,Rongo Higher Secondary School,wb_pdfs/supplements/a0220208.pdf
KALIMPONG,22,Kalimpong,209,Rongo Inspection Banglow,wb_pdfs/draft_rolls/a0220209.pdf
KALIMPONG,22,Kalimpong,209,Rongo Inspection Banglow,wb_pdfs/supplements/a0220209.pdf
KALIMPONG,22,Kalimpong,210,Dhap Gaon Primary School,wb_pdfs/draft_rolls/a0220210.pdf
KALIMPONG,22,Kalimpong,210,Dhap Gaon Primary School,wb_pdfs/supplements/a0220210.pdf
KALIMPONG,22,Kalimpong,211,Garibas Junior Basic School,wb_pdfs/draft_rolls/a0220211.pdf
KALIMPONG,22,Kalimpong,211,Garibas Junior Basic School,wb_pdfs/supplements/a0220211.pdf
KALIMPONG,22,Kalimpong,212,46 Dhura Primary School,wb_pdfs/draft_rolls/a0220212.pdf
KALIMPONG,22,Kalimpong,212,46 Dhura Primary School,wb_pdfs/supplements/a0220212.pdf
KALIMPONG,22,Kalimpong,213,52 Block Primary School,wb_pdfs/draft_rolls/a0220213.pdf
KALIMPONG,22,Kalimpong,213,52 Block Primary School,wb_pdfs/supplements/a0220213.pdf
KALIMPONG,22,Kalimpong,214,52 Block Primary School,wb_pdfs/draft_rolls/a0220214.pdf
KALIMPONG,22,Kalimpong,214,52 Block Primary School,wb_pdfs/supplements/a0220214.pdf
KALIMPONG,22,Kalimpong,215,Dalgaon Prathamik Pathshala,wb_pdfs/draft_rolls/a0220215.pdf
KALIMPONG,22,Kalimpong,215,Dalgaon Prathamik Pathshala,wb_pdfs/supplements/a0220215.pdf
KALIMPONG,22,Kalimpong,216,45 Block Primary School,wb_pdfs/draft_rolls/a0220216.pdf
KALIMPONG,22,Kalimpong,216,45 Block Primary School,wb_pdfs/supplements/a0220216.pdf
KALIMPONG,22,Kalimpong,217,Kumai Primary School,wb_pdfs/draft_rolls/a0220217.pdf
KALIMPONG,22,Kalimpong,217,Kumai Primary School,wb_pdfs/supplements/a0220217.pdf
KALIMPONG,22,Kalimpong,218,Kumai Chiyakaman Factory Primary School,wb_pdfs/draft_rolls/a0220218.pdf
KALIMPONG,22,Kalimpong,218,Kumai Chiyakaman Factory Primary School,wb_pdfs/supplements/a0220218.pdf
KALIMPONG,22,Kalimpong,219,Lower Kumai Community Hall,wb_pdfs/draft_rolls/a0220219.pdf
KALIMPONG,22,Kalimpong,219,Lower Kumai Community Hall,wb_pdfs/supplements/a0220219.pdf
KALIMPONG,22,Kalimpong,220,Kopis Forest Basty Prathamik Pathshala,wb_pdfs/draft_rolls/a0220220.pdf
KALIMPONG,22,Kalimpong,220,Kopis Forest Basty Prathamik Pathshala,wb_pdfs/supplements/a0220220.pdf
KALIMPONG,22,Kalimpong,221,Kumai Chiya Bagan Prathamik Pathshala (East),wb_pdfs/draft_rolls/a0220221.pdf
KALIMPONG,22,Kalimpong,221,Kumai Chiya Bagan Prathamik Pathshala (East),wb_pdfs/supplements/a0220221.pdf
KALIMPONG,22,Kalimpong,222,Kumai High School,wb_pdfs/draft_rolls/a0220222.pdf
KALIMPONG,22,Kalimpong,222,Kumai High School,wb_pdfs/supplements/a0220222.pdf
KALIMPONG,22,Kalimpong,223,Lower Kumai 2 No. Line Primary School,wb_pdfs/draft_rolls/a0220223.pdf
KALIMPONG,22,Kalimpong,223,Lower Kumai 2 No. Line Primary School,wb_pdfs/supplements/a0220223.pdf
KALIMPONG,22,Kalimpong,224,Benu Krishna Prathamik Pathshala,wb_pdfs/draft_rolls/a0220224.pdf
KALIMPONG,22,Kalimpong,224,Benu Krishna Prathamik Pathshala,wb_pdfs/supplements/a0220224.pdf
KALIMPONG,22,Kalimpong,225,Samsing Khashmahal Junior Basic School,wb_pdfs/draft_rolls/a0220225.pdf
KALIMPONG,22,Kalimpong,225,Samsing Khashmahal Junior Basic School,wb_pdfs/supplements/a0220225.pdf
KALIMPONG,22,Kalimpong,226,Bhalukhop Primary School,wb_pdfs/draft_rolls/a0220226.pdf
KALIMPONG,22,Kalimpong,226,Bhalukhop Primary School,wb_pdfs/supplements/a0220226.pdf
KALIMPONG,22,Kalimpong,227,Kuwapani Primary School,wb_pdfs/draft_rolls/a0220227.pdf
KALIMPONG,22,Kalimpong,227,Kuwapani Primary School,wb_pdfs/supplements/a0220227.pdf
KALIMPONG,22,Kalimpong,228,Faparkheti Primary School,wb_pdfs/draft_rolls/a0220228.pdf
KALIMPONG,22,Kalimpong,228,Faparkheti Primary School,wb_pdfs/supplements/a0220228.pdf
KALIMPONG,22,Kalimpong,229,Sherpa Gaon Primary School,wb_pdfs/draft_rolls/a0220229.pdf
KALIMPONG,22,Kalimpong,229,Sherpa Gaon Primary School,wb_pdfs/supplements/a0220229.pdf
KALIMPONG,22,Kalimpong,230,Pangkhasari Free Primary School,wb_pdfs/draft_rolls/a0220230.pdf
KALIMPONG,22,Kalimpong,230,Pangkhasari Free Primary School,wb_pdfs/supplements/a0220230.pdf
KALIMPONG,22,Kalimpong,231,Badey Primaryi School,wb_pdfs/draft_rolls/a0220231.pdf
KALIMPONG,22,Kalimpong,231,Badey Primaryi School,wb_pdfs/supplements/a0220231.pdf
KALIMPONG,22,Kalimpong,232,Samabeong Primary School,wb_pdfs/draft_rolls/a0220232.pdf
KALIMPONG,22,Kalimpong,232,Samabeong Primary School,wb_pdfs/supplements/a0220232.pdf
KALIMPONG,22,Kalimpong,233,Kolbong Primary School,wb_pdfs/draft_rolls/a0220233.pdf
KALIMPONG,22,Kalimpong,233,Kolbong Primary School,wb_pdfs/supplements/a0220233.pdf
KALIMPONG,22,Kalimpong,234,Upperr Fagu Tea Estate  Primary School,wb_pdfs/draft_rolls/a0220234.pdf
KALIMPONG,22,Kalimpong,234,Upperr Fagu Tea Estate  Primary School,wb_pdfs/supplements/a0220234.pdf
KALIMPONG,22,Kalimpong,235,Upper Fagu Godam Gaon Primary School,wb_pdfs/draft_rolls/a0220235.pdf
KALIMPONG,22,Kalimpong,235,Upper Fagu Godam Gaon Primary School,wb_pdfs/supplements/a0220235.pdf
KALIMPONG,22,Kalimpong,236,Nim MSK,wb_pdfs/draft_rolls/a0220236.pdf
KALIMPONG,22,Kalimpong,236,Nim MSK,wb_pdfs/supplements/a0220236.pdf
KALIMPONG,22,Kalimpong,237,Suntaley Primary School,wb_pdfs/draft_rolls/a0220237.pdf
KALIMPONG,22,Kalimpong,237,Suntaley Primary School,wb_pdfs/supplements/a0220237.pdf
KALIMPONG,22,Kalimpong,238,Pasiting Prathamik Pathshala,wb_pdfs/draft_rolls/a0220238.pdf
KALIMPONG,22,Kalimpong,238,Pasiting Prathamik Pathshala,wb_pdfs/supplements/a0220238.pdf
KALIMPONG,22,Kalimpong,239,Mangzing Primary School,wb_pdfs/draft_rolls/a0220239.pdf
KALIMPONG,22,Kalimpong,239,Mangzing Primary School,wb_pdfs/supplements/a0220239.pdf
KALIMPONG,22,Kalimpong,240,Lungsel Primary School,wb_pdfs/draft_rolls/a0220240.pdf
KALIMPONG,22,Kalimpong,240,Lungsel Primary School,wb_pdfs/supplements/a0220240.pdf
KALIMPONG,22,Kalimpong,241,Pubung Primaryi School,wb_pdfs/draft_rolls/a0220241.pdf
KALIMPONG,22,Kalimpong,241,Pubung Primaryi School,wb_pdfs/supplements/a0220241.pdf
KALIMPONG,22,Kalimpong,242,Krishna Chandra  Junior High School,wb_pdfs/draft_rolls/a0220242.pdf
KALIMPONG,22,Kalimpong,242,Krishna Chandra  Junior High School,wb_pdfs/supplements/a0220242.pdf
KALIMPONG,22,Kalimpong,243,Gheesh Forest Village Primary School,wb_pdfs/draft_rolls/a0220243.pdf
KALIMPONG,22,Kalimpong,243,Gheesh Forest Village Primary School,wb_pdfs/supplements/a0220243.pdf
KALIMPONG,22,Kalimpong,244,Dalim Primary School,wb_pdfs/draft_rolls/a0220244.pdf
KALIMPONG,22,Kalimpong,244,Dalim Primary School,wb_pdfs/supplements/a0220244.pdf
KALIMPONG,22,Kalimpong,245,Ambiyok Primary School,wb_pdfs/draft_rolls/a0220245.pdf
KALIMPONG,22,Kalimpong,245,Ambiyok Primary School,wb_pdfs/supplements/a0220245.pdf
KALIMPONG,22,Kalimpong,246,Gairi Gaon Primary School,wb_pdfs/draft_rolls/a0220246.pdf
KALIMPONG,22,Kalimpong,246,Gairi Gaon Primary School,wb_pdfs/supplements/a0220246.pdf
KALIMPONG,22,Kalimpong,247,Gorubathan  High School,wb_pdfs/draft_rolls/a0220247.pdf
KALIMPONG,22,Kalimpong,247,Gorubathan  High School,wb_pdfs/supplements/a0220247.pdf
KALIMPONG,22,Kalimpong,248,Gorubathan Junior Basic School,wb_pdfs/draft_rolls/a0220248.pdf
KALIMPONG,22,Kalimpong,248,Gorubathan Junior Basic School,wb_pdfs/supplements/a0220248.pdf
KALIMPONG,22,Kalimpong,249,Block Seed Farm,wb_pdfs/draft_rolls/a0220249.pdf
KALIMPONG,22,Kalimpong,249,Block Seed Farm,wb_pdfs/supplements/a0220249.pdf
KALIMPONG,22,Kalimpong,250,Sanatan Baidik Primary School,wb_pdfs/draft_rolls/a0220250.pdf
KALIMPONG,22,Kalimpong,250,Sanatan Baidik Primary School,wb_pdfs/supplements/a0220250.pdf
KALIMPONG,22,Kalimpong,251,Sanatan Baidik Primary School,wb_pdfs/draft_rolls/a0220251.pdf
KALIMPONG,22,Kalimpong,251,Sanatan Baidik Primary School,wb_pdfs/supplements/a0220251.pdf
KALIMPONG,22,Kalimpong,252,Mal 4 Primary School,wb_pdfs/draft_rolls/a0220252.pdf
KALIMPONG,22,Kalimpong,252,Mal 4 Primary School,wb_pdfs/supplements/a0220252.pdf
KALIMPONG,22,Kalimpong,253,Lower Fagu T.E. Primary School,wb_pdfs/draft_rolls/a0220253.pdf
KALIMPONG,22,Kalimpong,253,Lower Fagu T.E. Primary School,wb_pdfs/supplements/a0220253.pdf
KALIMPONG,22,Kalimpong,254,Lower Fagu T.E. Primary School,wb_pdfs/draft_rolls/a0220254.pdf
KALIMPONG,22,Kalimpong,254,Lower Fagu T.E. Primary School,wb_pdfs/supplements/a0220254.pdf
KALIMPONG,22,Kalimpong,255,Mission Hill T.E. Primary School,wb_pdfs/draft_rolls/a0220255.pdf
KALIMPONG,22,Kalimpong,255,Mission Hill T.E. Primary School,wb_pdfs/supplements/a0220255.pdf
KALIMPONG,22,Kalimpong,256,Mission Hill T.E. Primary School,wb_pdfs/draft_rolls/a0220256.pdf
KALIMPONG,22,Kalimpong,256,Mission Hill T.E. Primary School,wb_pdfs/supplements/a0220256.pdf
KALIMPONG,22,Kalimpong,257,Neora F. V. Primary School,wb_pdfs/draft_rolls/a0220257.pdf
KALIMPONG,22,Kalimpong,257,Neora F. V. Primary School,wb_pdfs/supplements/a0220257.pdf
KALIMPONG,22,Kalimpong,258,Juddhabir Junior Basic School,wb_pdfs/draft_rolls/a0220258.pdf
KALIMPONG,22,Kalimpong,258,Juddhabir Junior Basic School,wb_pdfs/supplements/a0220258.pdf
KALIMPONG,22,Kalimpong,259,Minglass Forest Village Primary School,wb_pdfs/draft_rolls/a0220259.pdf
KALIMPONG,22,Kalimpong,259,Minglass Forest Village Primary School,wb_pdfs/supplements/a0220259.pdf
KALIMPONG,22,Kalimpong,260,Community Hall Sombaray,wb_pdfs/draft_rolls/a0220260.pdf
KALIMPONG,22,Kalimpong,260,Community Hall Sombaray,wb_pdfs/supplements/a0220260.pdf
KALIMPONG,22,Kalimpong,261,Babari Primary School,wb_pdfs/draft_rolls/a0220261.pdf
KALIMPONG,22,Kalimpong,261,Babari Primary School,wb_pdfs/supplements/a0220261.pdf
