district,leg_assembly,polling_station_name,file_name
1 - MAMIT,1 - Hachhek(ST),1/1 - Kanhmun,mizoram_pdfs/AC001PART001.pdf
1 - MAMIT,1 - Hachhek(ST),1/2 - Luimawi,mizoram_pdfs/AC001PART002.pdf
1 - MAMIT,1 - Hachhek(ST),1/3 - Thinghlun,mizoram_pdfs/AC001PART003.pdf
1 - MAMIT,1 - Hachhek(ST),1/4 - Bajirungpa,mizoram_pdfs/AC001PART004.pdf
1 - MAMIT,1 - Hachhek(ST),1/5 - Bungthuam,mizoram_pdfs/AC001PART005.pdf
1 - MAMIT,1 - Hachhek(ST),1/6 - Hriphaw,mizoram_pdfs/AC001PART006.pdf
1 - MAMIT,1 - Hachhek(ST),1/7 - Kolalian,mizoram_pdfs/AC001PART007.pdf
1 - MAMIT,1 - Hachhek(ST),1/8 - Bawrai,mizoram_pdfs/AC001PART008.pdf
1 - MAMIT,1 - Hachhek(ST),1/9 - Zawlnuam Vengpui I,mizoram_pdfs/AC001PART009.pdf
1 - MAMIT,1 - Hachhek(ST),1/10 - Zawlnuam Vengpui II,mizoram_pdfs/AC001PART010.pdf
1 - MAMIT,1 - Hachhek(ST),1/11 - Zalnuam Thuampui,mizoram_pdfs/AC001PART011.pdf
1 - MAMIT,1 - Hachhek(ST),1/12 - Zawlpui,mizoram_pdfs/AC001PART012.pdf
1 - MAMIT,1 - Hachhek(ST),1/13 - Zamuang,mizoram_pdfs/AC001PART013.pdf
1 - MAMIT,1 - Hachhek(ST),1/14 - Rengdil I,mizoram_pdfs/AC001PART014.pdf
1 - MAMIT,1 - Hachhek(ST),1/15 - Rengdil II,mizoram_pdfs/AC001PART015.pdf
1 - MAMIT,1 - Hachhek(ST),1/16 - Sihthiang,mizoram_pdfs/AC001PART016.pdf
1 - MAMIT,1 - Hachhek(ST),1/17 - Chuhvel,mizoram_pdfs/AC001PART017.pdf
1 - MAMIT,1 - Hachhek(ST),1/18 - Kananthar,mizoram_pdfs/AC001PART018.pdf
1 - MAMIT,1 - Hachhek(ST),1/19 - Saikhawthlir,mizoram_pdfs/AC001PART019.pdf
1 - MAMIT,1 - Hachhek(ST),1/20 - Kawrthah I,mizoram_pdfs/AC001PART020.pdf
1 - MAMIT,1 - Hachhek(ST),1/21 - Kawrthah II,mizoram_pdfs/AC001PART021.pdf
1 - MAMIT,1 - Hachhek(ST),1/22 - Kawrthah III,mizoram_pdfs/AC001PART022.pdf
1 - MAMIT,1 - Hachhek(ST),1/23 - K Sarali,mizoram_pdfs/AC001PART023.pdf
1 - MAMIT,1 - Hachhek(ST),1/24 - Tuidam I,mizoram_pdfs/AC001PART024.pdf
1 - MAMIT,1 - Hachhek(ST),1/25 - Tuidam II,mizoram_pdfs/AC001PART025.pdf
1 - MAMIT,1 - Hachhek(ST),1/26 - Tumpanglui,mizoram_pdfs/AC001PART026.pdf
1 - MAMIT,1 - Hachhek(ST),1/27 - New Eden,mizoram_pdfs/AC001PART027.pdf
1 - MAMIT,1 - Hachhek(ST),1/28 - Darlak,mizoram_pdfs/AC001PART028.pdf
1 - MAMIT,1 - Hachhek(ST),1/29 - Mualthuam,mizoram_pdfs/AC001PART029.pdf
1 - MAMIT,1 - Hachhek(ST),1/30 - Sotapa,mizoram_pdfs/AC001PART030.pdf
1 - MAMIT,1 - Hachhek(ST),1/31 - Kawrtethawveng I,mizoram_pdfs/AC001PART031.pdf
1 - MAMIT,1 - Hachhek(ST),1/32 - Kawrtethawveng II,mizoram_pdfs/AC001PART032.pdf
1 - MAMIT,1 - Hachhek(ST),1/33 - Bunghmun,mizoram_pdfs/AC001PART033.pdf
1 - MAMIT,1 - Hachhek(ST),1/34 - Thaidawr,mizoram_pdfs/AC001PART034.pdf
1 - MAMIT,1 - Hachhek(ST),1/35 - Belkhai,mizoram_pdfs/AC001PART035.pdf
1 - MAMIT,1 - Hachhek(ST),1/36 - Zomuantlang,mizoram_pdfs/AC001PART036.pdf
1 - MAMIT,1 - Hachhek(ST),1/37 - Serhmun,mizoram_pdfs/AC001PART037.pdf
1 - MAMIT,1 - Hachhek(ST),1/Summary,mizoram_pdfs/AC001.pdf
1 - MAMIT,2 - Dampa(ST),2/1 W. Phaileng I,mizoram_pdfs/Ac002part001.Pdf
1 - MAMIT,2 - Dampa(ST),2/2 W. Phaileng II,mizoram_pdfs/Ac002part002.Pdf
1 - MAMIT,2 - Dampa(ST),2/3 W. Phaileng Dinthar Veng-I,mizoram_pdfs/Ac002part003.Pdf
1 - MAMIT,2 - Dampa(ST),2/4 W. Phaileng Dinthar Veng-II,mizoram_pdfs/Ac002part004.Pdf
1 - MAMIT,2 - Dampa(ST),2/5 Kawnmawi,mizoram_pdfs/Ac002part005.Pdf
1 - MAMIT,2 - Dampa(ST),2/6 Lallen,mizoram_pdfs/Ac002part006.Pdf
1 - MAMIT,2 - Dampa(ST),2/7 Saithah,mizoram_pdfs/Ac002part007.Pdf
1 - MAMIT,2 - Dampa(ST),2/8 Parvatui,mizoram_pdfs/Ac002part008.Pdf
1 - MAMIT,2 - Dampa(ST),2/9 Zopui,mizoram_pdfs/Ac002part009.Pdf
1 - MAMIT,2 - Dampa(ST),2/10 Phuldungsei-I,mizoram_pdfs/Ac002part010.Pdf
1 - MAMIT,2 - Dampa(ST),2/11 Phuldungsei-II,mizoram_pdfs/Ac002part011.Pdf
1 - MAMIT,2 - Dampa(ST),2/12 Phuldungsei-III,mizoram_pdfs/Ac002part012.Pdf
1 - MAMIT,2 - Dampa(ST),2/13 West Phulpui,mizoram_pdfs/Ac002part013.Pdf
1 - MAMIT,2 - Dampa(ST),2/14  Silsuri-I,mizoram_pdfs/Ac002part014.Pdf
1 - MAMIT,2 - Dampa(ST),2/15 Silsuri-II,mizoram_pdfs/Ac002part015.Pdf
1 - MAMIT,2 - Dampa(ST),2/16 Hnahva,mizoram_pdfs/Ac002part016.Pdf
1 - MAMIT,2 - Dampa(ST),2/17 Pukzing,mizoram_pdfs/Ac002part017.Pdf
1 - MAMIT,2 - Dampa(ST),2/18 Pukzing Vengthar,mizoram_pdfs/Ac002part018.Pdf
1 - MAMIT,2 - Dampa(ST),2/19 Hruiduk,mizoram_pdfs/Ac002part019.Pdf
1 - MAMIT,2 - Dampa(ST),2/20 Marpara 'N',mizoram_pdfs/Ac002part020.Pdf
1 - MAMIT,2 - Dampa(ST),2/21 Marpara Mizo Veng,mizoram_pdfs/Ac002part021.Pdf
1 - MAMIT,2 - Dampa(ST),2/22 Lianbuang,mizoram_pdfs/Ac002part022.Pdf
1 - MAMIT,2 - Dampa(ST),2/23 Tuahzawl,mizoram_pdfs/Ac002part023.Pdf
1 - MAMIT,2 - Dampa(ST),2/24 Rulpuihlim,mizoram_pdfs/Ac002part024.Pdf
1 - MAMIT,2 - Dampa(ST),2/25 Chungtlang,mizoram_pdfs/Ac002part025.Pdf
1 - MAMIT,2 - Dampa(ST),2/26 Reiek-I,mizoram_pdfs/Ac002part026.Pdf
1 - MAMIT,2 - Dampa(ST),2/27 Reiek-II,mizoram_pdfs/Ac002part027.Pdf
1 - MAMIT,2 - Dampa(ST),2/28 Ailawng,mizoram_pdfs/Ac002part028.Pdf
1 - MAMIT,2 - Dampa(ST),2/29 West Lungdar,mizoram_pdfs/Ac002part029.Pdf
1 - MAMIT,2 - Dampa(ST),2/30 Khawrihnim,mizoram_pdfs/Ac002part030.Pdf
1 - MAMIT,2 - Dampa(ST),2/31 Lungphun,mizoram_pdfs/Ac002part031.Pdf
1 - MAMIT,2 - Dampa(ST),2/32 Kanghmun,mizoram_pdfs/Ac002part032.Pdf
1 - MAMIT,2 - Dampa(ST),2/33 Bawngthah,mizoram_pdfs/Ac002part033.Pdf
1 - MAMIT,2 - Dampa(ST),2/34 Bawlte,mizoram_pdfs/Ac002part034.Pdf
1 - MAMIT,2 - Dampa(ST),2/35 Darlung,mizoram_pdfs/Ac002part035.Pdf
1 - MAMIT,2 - Dampa(ST),2/36 S.Sabual,mizoram_pdfs/Ac002part036.Pdf
1 - MAMIT,2 - Dampa(ST),2/Summary,mizoram_pdfs/Ac002.Pdf
1 - MAMIT,3 - Mamit(ST),3/1 Suarhliap,mizoram_pdfs/AC003PART001.pdf
1 - MAMIT,3 - Mamit(ST),3/2 Chilui,mizoram_pdfs/AC003PART002.pdf
1 - MAMIT,3 - Mamit(ST),3/3 Tlangkhang,mizoram_pdfs/AC003PART003.pdf
1 - MAMIT,3 - Mamit(ST),3/4 Damdiai,mizoram_pdfs/AC003PART004.pdf
1 - MAMIT,3 - Mamit(ST),3/5 Vawngawnzo,mizoram_pdfs/AC003PART005.pdf
1 - MAMIT,3 - Mamit(ST),3/6 N. Sabual,mizoram_pdfs/AC003PART006.pdf
1 - MAMIT,3 - Mamit(ST),3/7 Mamit Hmarveng,mizoram_pdfs/AC003PART007.pdf
1 - MAMIT,3 - Mamit(ST),3/8 Mamit Venghlun,mizoram_pdfs/AC003PART008.pdf
1 - MAMIT,3 - Mamit(ST),3/9 Mamit Bazar Veng,mizoram_pdfs/AC003PART009.pdf
1 - MAMIT,3 - Mamit(ST),3/10 Mamit Hmunsam,mizoram_pdfs/AC003PART010.pdf
1 - MAMIT,3 - Mamit(ST),3/11 Mamit H/S veng,mizoram_pdfs/AC003PART011.pdf
1 - MAMIT,3 - Mamit(ST),3/12 New Mamit,mizoram_pdfs/AC003PART012.pdf
1 - MAMIT,3 - Mamit(ST),3/13 Mamit Luangpawl,mizoram_pdfs/AC003PART013.pdf
1 - MAMIT,3 - Mamit(ST),3/14 Phaizau,mizoram_pdfs/AC003PART014.pdf
1 - MAMIT,3 - Mamit(ST),3/15 Bawngva,mizoram_pdfs/AC003PART015.pdf
1 - MAMIT,3 - Mamit(ST),3/16 Nalzawl,mizoram_pdfs/AC003PART016.pdf
1 - MAMIT,3 - Mamit(ST),3/17 Tuirum,mizoram_pdfs/AC003PART017.pdf
1 - MAMIT,3 - Mamit(ST),3/18 Damparengpui I,mizoram_pdfs/AC003PART018.pdf
1 - MAMIT,3 - Mamit(ST),3/19 Damparengpui II,mizoram_pdfs/AC003PART019.pdf
1 - MAMIT,3 - Mamit(ST),3/20 Teirei Forest,mizoram_pdfs/AC003PART020.pdf
1 - MAMIT,3 - Mamit(ST),3/21 Tuipuibari I,mizoram_pdfs/AC003PART021.pdf
1 - MAMIT,3 - Mamit(ST),3/22 Tuipuibari II,mizoram_pdfs/AC003PART022.pdf
1 - MAMIT,3 - Mamit(ST),3/23 Rajiv Nagar I,mizoram_pdfs/AC003PART023.pdf
1 - MAMIT,3 - Mamit(ST),3/24Rajiv Nagar II,mizoram_pdfs/AC003PART024.pdf
1 - MAMIT,3 - Mamit(ST),3/25 Rajiv Nagar III,mizoram_pdfs/AC003PART025.pdf
1 - MAMIT,3 - Mamit(ST),3/26 Khantlang,mizoram_pdfs/AC003PART026.pdf
1 - MAMIT,3 - Mamit(ST),3/27 Andermanik,mizoram_pdfs/AC003PART027.pdf
1 - MAMIT,3 - Mamit(ST),3/28 Khawhnai,mizoram_pdfs/AC003PART028.pdf
1 - MAMIT,3 - Mamit(ST),3/29 Dampui,mizoram_pdfs/AC003PART029.pdf
1 - MAMIT,3 - Mamit(ST),3/30 Dapchhuah,mizoram_pdfs/AC003PART030.pdf
1 - MAMIT,3 - Mamit(ST),3/31 Rawpuichhip,mizoram_pdfs/AC003PART031.pdf
1 - MAMIT,3 - Mamit(ST),3/32 Rawpuichhip II,mizoram_pdfs/AC003PART032.pdf
1 - MAMIT,3 - Mamit(ST),3/33 Hmunpui,mizoram_pdfs/AC003PART033.pdf
1 - MAMIT,3 - Mamit(ST),3/34 Dilzawl,mizoram_pdfs/AC003PART034.pdf
1 - MAMIT,3 - Mamit(ST),3/35 W. Serzawl,mizoram_pdfs/AC003PART035.pdf
1 - MAMIT,3 - Mamit(ST),3/36 Lengpui I,mizoram_pdfs/AC003PART036.pdf
1 - MAMIT,3 - Mamit(ST),3/37 Lengpui II,mizoram_pdfs/AC003PART037.pdf
1 - MAMIT,3 - Mamit(ST),3/38 Lengpui III,mizoram_pdfs/AC003PART038.pdf
1 - MAMIT,3 - Mamit(ST),3/39 Lengte,mizoram_pdfs/AC003PART039.pdf
1 - MAMIT,3 - Mamit(ST),3/40 Nghalchawm,mizoram_pdfs/AC003PART040.pdf
1 - MAMIT,3 - Mamit(ST),3/Summary,mizoram_pdfs/AC003.pdf
2 - KOLASIB,4 - Tuirial(ST),4/1 Lungdai I,mizoram_pdfs/AC004PART001.pdf
2 - KOLASIB,4 - Tuirial(ST),4/2 Lungdai II,mizoram_pdfs/AC004PART002.pdf
2 - KOLASIB,4 - Tuirial(ST),4/3 Sentlang,mizoram_pdfs/AC004PART003.pdf
2 - KOLASIB,4 - Tuirial(ST),4/4 Mualkhang,mizoram_pdfs/AC004PART004.pdf
2 - KOLASIB,4 - Tuirial(ST),4/5 Serkhan,mizoram_pdfs/AC004PART005.pdf
2 - KOLASIB,4 - Tuirial(ST),4/6 Zanlawn,mizoram_pdfs/AC004PART006.pdf
2 - KOLASIB,4 - Tuirial(ST),4/7 Khamrang,mizoram_pdfs/AC004PART007.pdf
2 - KOLASIB,4 - Tuirial(ST),4/8 Nisapui,mizoram_pdfs/AC004PART008.pdf
2 - KOLASIB,4 - Tuirial(ST),4/9 Lungmuat,mizoram_pdfs/AC004PART009.pdf
2 - KOLASIB,4 - Tuirial(ST),4/10 Mualvum,mizoram_pdfs/AC004PART010.pdf
2 - KOLASIB,4 - Tuirial(ST),4/11 Kawnpui I,mizoram_pdfs/AC004PART011.pdf
2 - KOLASIB,4 - Tuirial(ST),4/12 Kawnpui II,mizoram_pdfs/AC004PART012.pdf
2 - KOLASIB,4 - Tuirial(ST),4/13 Kawnpui III,mizoram_pdfs/AC004PART013.pdf
2 - KOLASIB,4 - Tuirial(ST),4/14 Kawnpui IV,mizoram_pdfs/AC004PART014.pdf
2 - KOLASIB,4 - Tuirial(ST),4/15 Kawnpui V,mizoram_pdfs/AC004PART015.pdf
2 - KOLASIB,4 - Tuirial(ST),4/16 Hortoki I,mizoram_pdfs/AC004PART016.pdf
2 - KOLASIB,4 - Tuirial(ST),4/17 Hortoki II,mizoram_pdfs/AC004PART017.pdf
2 - KOLASIB,4 - Tuirial(ST),4/18 Bualpui,mizoram_pdfs/AC004PART018.pdf
2 - KOLASIB,4 - Tuirial(ST),4/19 Zodin,mizoram_pdfs/AC004PART019.pdf
2 - KOLASIB,4 - Tuirial(ST),4/20 Thingdawl I,mizoram_pdfs/AC004PART020.pdf
2 - KOLASIB,4 - Tuirial(ST),4/21 Thingdawl II,mizoram_pdfs/AC004PART021.pdf
2 - KOLASIB,4 - Tuirial(ST),4/22 Thingdawl III,mizoram_pdfs/AC004PART022.pdf
2 - KOLASIB,4 - Tuirial(ST),4/23 N. Chaltlang,mizoram_pdfs/AC004PART023.pdf
2 - KOLASIB,4 - Tuirial(ST),4/24 Bukpui,mizoram_pdfs/AC004PART024.pdf
2 - KOLASIB,4 - Tuirial(ST),4/Summary,mizoram_pdfs/AC004.pdf
2 - KOLASIB,4 - Tuirial(ST),4/Service Voters,mizoram_pdfs/AC004SERVICEVOTERS.pdf
2 - KOLASIB,5 - Kolasib(ST),5/1 Bairabi - I,mizoram_pdfs/AC005PART001.pdf
2 - KOLASIB,5 - Kolasib(ST),5/2 Bairabi - II,mizoram_pdfs/AC005PART002.pdf
2 - KOLASIB,5 - Kolasib(ST),5/3 Bairabi - III,mizoram_pdfs/AC005PART003.pdf
2 - KOLASIB,5 - Kolasib(ST),5/4  Meidum,mizoram_pdfs/AC005PART004.pdf
2 - KOLASIB,5 - Kolasib(ST),5/5 S.Chhimluang,mizoram_pdfs/AC005PART005.pdf
2 - KOLASIB,5 - Kolasib(ST),5/6 Pangbalkawn,mizoram_pdfs/AC005PART006.pdf
2 - KOLASIB,5 - Kolasib(ST),5/7 Vengthar - I,mizoram_pdfs/AC005PART007.pdf
2 - KOLASIB,5 - Kolasib(ST),5/8 Vengthar - II,mizoram_pdfs/AC005PART008.pdf
2 - KOLASIB,5 - Kolasib(ST),5/9 Vengthar - III,mizoram_pdfs/AC005PART009.pdf
2 - KOLASIB,5 - Kolasib(ST),5/10 New Diakkawn West,mizoram_pdfs/AC005PART010.pdf
2 - KOLASIB,5 - Kolasib(ST),5/11 New Diakkawn East,mizoram_pdfs/AC005PART011.pdf
2 - KOLASIB,5 - Kolasib(ST),5/12 Diakkawn - I,mizoram_pdfs/AC005PART012.pdf
2 - KOLASIB,5 - Kolasib(ST),5/13 Diakkawn - II,mizoram_pdfs/AC005PART013.pdf
2 - KOLASIB,5 - Kolasib(ST),5/14 Salem Veng,mizoram_pdfs/AC005PART014.pdf
2 - KOLASIB,5 - Kolasib(ST),5/15 College Veng,mizoram_pdfs/AC005PART015.pdf
2 - KOLASIB,5 - Kolasib(ST),5/16 Venglai - I,mizoram_pdfs/AC005PART016.pdf
2 - KOLASIB,5 - Kolasib(ST),5/17 Venglai - II,mizoram_pdfs/AC005PART017.pdf
2 - KOLASIB,5 - Kolasib(ST),5/18 Vengalai - III,mizoram_pdfs/AC005PART018.pdf
2 - KOLASIB,5 - Kolasib(ST),5/19 Venglai - IV,mizoram_pdfs/AC005PART019.pdf
2 - KOLASIB,5 - Kolasib(ST),5/20 Venglai - V,mizoram_pdfs/AC005PART020.pdf
2 - KOLASIB,5 - Kolasib(ST),5/21 Tumpui,mizoram_pdfs/AC005PART021.pdf
2 - KOLASIB,5 - Kolasib(ST),5/22 Hmar Veng - I,mizoram_pdfs/AC005PART022.pdf
2 - KOLASIB,5 - Kolasib(ST),5/23 Hmar Veng - II,mizoram_pdfs/AC005PART023.pdf
2 - KOLASIB,5 - Kolasib(ST),5/24 Electrict Veng,mizoram_pdfs/AC005PART024.pdf
2 - KOLASIB,5 - Kolasib(ST),5/25 Saidan,mizoram_pdfs/AC005PART025.pdf
2 - KOLASIB,5 - Kolasib(ST),5/26 Tuitha Veng,mizoram_pdfs/AC005PART026.pdf
2 - KOLASIB,5 - Kolasib(ST),5/Summary,mizoram_pdfs/AC005.pdf
2 - KOLASIB,6 - Serlui(ST),6/1 Vairengte - I,mizoram_pdfs/AC006PART001.pdf
2 - KOLASIB,6 - Serlui(ST),6/2 Vairengte - II,mizoram_pdfs/AC006PART002.pdf
2 - KOLASIB,6 - Serlui(ST),6/3 Vairengte - III,mizoram_pdfs/AC006PART003.pdf
2 - KOLASIB,6 - Serlui(ST),6/4 Vairengte - IV,mizoram_pdfs/AC006PART004.pdf
2 - KOLASIB,6 - Serlui(ST),6/5 Vairengte - V,mizoram_pdfs/AC006PART005.pdf
2 - KOLASIB,6 - Serlui(ST),6/6 Vairengte - VI,mizoram_pdfs/AC006PART006.pdf
2 - KOLASIB,6 - Serlui(ST),6/7 Vairengte - VII,mizoram_pdfs/AC006PART007.pdf
2 - KOLASIB,6 - Serlui(ST),6/8 Vairengte - VIII,mizoram_pdfs/AC006PART008.pdf
2 - KOLASIB,6 - Serlui(ST),6/9 Saihapui - V,mizoram_pdfs/AC006PART009.pdf
2 - KOLASIB,6 - Serlui(ST),6/10 Phainuam,mizoram_pdfs/AC006PART010.pdf
2 - KOLASIB,6 - Serlui(ST),6/11 N.Chhimluang,mizoram_pdfs/AC006PART011.pdf
2 - KOLASIB,6 - Serlui(ST),6/12 Saiphai,mizoram_pdfs/AC006PART012.pdf
2 - KOLASIB,6 - Serlui(ST),6/13 Saipum - I,mizoram_pdfs/AC006PART013.pdf
2 - KOLASIB,6 - Serlui(ST),6/14 Saipum - II,mizoram_pdfs/AC006PART014.pdf
2 - KOLASIB,6 - Serlui(ST),6/15 N.Chawnpui,mizoram_pdfs/AC006PART015.pdf
2 - KOLASIB,6 - Serlui(ST),6/16 Bilkhawthlir - I,mizoram_pdfs/AC006PART016.pdf
2 - KOLASIB,6 - Serlui(ST),6/17 Bilkhawthlir - II,mizoram_pdfs/AC006PART017.pdf
2 - KOLASIB,6 - Serlui(ST),6/18 Bilkhawthlir - III,mizoram_pdfs/AC006PART018.pdf
2 - KOLASIB,6 - Serlui(ST),6/1 Bilkhawthlir - IV,mizoram_pdfs/AC006PART019.pdf
2 - KOLASIB,6 - Serlui(ST),6/20 Phaisen,mizoram_pdfs/AC006PART020.pdf
2 - KOLASIB,6 - Serlui(ST),6/21 Buhchangphai,mizoram_pdfs/AC006PART021.pdf
2 - KOLASIB,6 - Serlui(ST),6/22 Bukvannei,mizoram_pdfs/AC006PART022.pdf
2 - KOLASIB,6 - Serlui(ST),6/23 N.Thinglian,mizoram_pdfs/AC006PART023.pdf
2 - KOLASIB,6 - Serlui(ST),6/24 Saihapui 'K',mizoram_pdfs/AC006PART024.pdf
2 - KOLASIB,6 - Serlui(ST),6/25 Thingthelh,mizoram_pdfs/AC006PART025.pdf
2 - KOLASIB,6 - Serlui(ST),6/26 N.Hlimen,mizoram_pdfs/AC006PART026.pdf
2 - KOLASIB,6 - Serlui(ST),6/27Builum,mizoram_pdfs/AC006PART027.pdf
2 - KOLASIB,6 - Serlui(ST),6/28 Rengtekawn,mizoram_pdfs/AC006PART028.pdf
2 - KOLASIB,6 - Serlui(ST),6/Summary,mizoram_pdfs/AC006.pdf
3 - AIZAWL,7 - Tuivawl(ST),7/1  Mauchar,mizoram_pdfs/AC007PART001.pdf
3 - AIZAWL,7 - Tuivawl(ST),7/2 Zokhawthiang,mizoram_pdfs/AC007PART002.pdf
3 - AIZAWL,7 - Tuivawl(ST),7/3 Tinghmun,mizoram_pdfs/AC007PART003.pdf
3 - AIZAWL,7 - Tuivawl(ST),7/4 Zohmun,mizoram_pdfs/AC007PART004.pdf
3 - AIZAWL,7 - Tuivawl(ST),7/5 Upper Sakawrdai,mizoram_pdfs/AC007PART005.pdf
3 - AIZAWL,7 - Tuivawl(ST),7/6 Palsang,mizoram_pdfs/AC007PART006.pdf
3 - AIZAWL,7 - Tuivawl(ST),7/7  Sakawrdai - I,mizoram_pdfs/AC007PART007.pdf
3 - AIZAWL,7 - Tuivawl(ST),7/8  Sakawrdai - II,mizoram_pdfs/AC007PART008.pdf
3 - AIZAWL,7 - Tuivawl(ST),7/9 Khawpur,mizoram_pdfs/AC007PART009.pdf
3 - AIZAWL,7 - Tuivawl(ST),7/10 Vaitin,mizoram_pdfs/AC007PART010.pdf
3 - AIZAWL,7 - Tuivawl(ST),7/11  N.Khawdungsei,mizoram_pdfs/AC007PART011.pdf
3 - AIZAWL,7 - Tuivawl(ST),7/12 Thingsat,mizoram_pdfs/AC007PART012.pdf
3 - AIZAWL,7 - Tuivawl(ST),7/13 New Vervek,mizoram_pdfs/AC007PART013.pdf
3 - AIZAWL,7 - Tuivawl(ST),7/14 Vervek,mizoram_pdfs/AC007PART014.pdf
3 - AIZAWL,7 - Tuivawl(ST),7/15 Lungsum,mizoram_pdfs/AC007PART015.pdf
3 - AIZAWL,7 - Tuivawl(ST),7/16 Ratu - I,mizoram_pdfs/AC007PART016.pdf
3 - AIZAWL,7 - Tuivawl(ST),7/17 Ratu - II,mizoram_pdfs/AC007PART017.pdf
3 - AIZAWL,7 - Tuivawl(ST),7/18 Sunhluchhip,mizoram_pdfs/AC007PART018.pdf
3 - AIZAWL,7 - Tuivawl(ST),7/19 Sailutar,mizoram_pdfs/AC007PART019.pdf
3 - AIZAWL,7 - Tuivawl(ST),7/20 N.Serzawl,mizoram_pdfs/AC007PART020.pdf
3 - AIZAWL,7 - Tuivawl(ST),7/21 Darlawn - I,mizoram_pdfs/AC007PART021.pdf
3 - AIZAWL,7 - Tuivawl(ST),7/22 Darlawn - II,mizoram_pdfs/AC007PART022.pdf
3 - AIZAWL,7 - Tuivawl(ST),7/23 Darlawn - III,mizoram_pdfs/AC007PART023.pdf
3 - AIZAWL,7 - Tuivawl(ST),7/24 Sawleng,mizoram_pdfs/AC007PART024.pdf
3 - AIZAWL,7 - Tuivawl(ST),7/25 Chhanchhuahna,mizoram_pdfs/AC007PART025.pdf
3 - AIZAWL,7 - Tuivawl(ST),7/26 Kepran,mizoram_pdfs/AC007PART026.pdf
3 - AIZAWL,7 - Tuivawl(ST),7/27 E. Phaileng,mizoram_pdfs/AC007PART027.pdf
3 - AIZAWL,7 - Tuivawl(ST),7/28 Pehlawn,mizoram_pdfs/AC007PART028.pdf
3 - AIZAWL,7 - Tuivawl(ST),7/Summary,mizoram_pdfs/AC007.pdf
3 - AIZAWL,8 - Chalfilh(ST),8/1 N. Khawlek,mizoram_pdfs/AC008PART001.pdf
3 - AIZAWL,8 - Chalfilh(ST),8/2 Daido,mizoram_pdfs/AC008PART002.pdf
3 - AIZAWL,8 - Chalfilh(ST),8/3 Vanbawng,mizoram_pdfs/AC008PART003.pdf
3 - AIZAWL,8 - Chalfilh(ST),8/4 N.E. Tlangnuam,mizoram_pdfs/AC008PART004.pdf
3 - AIZAWL,8 - Chalfilh(ST),8/5 Lamherh,mizoram_pdfs/AC008PART005.pdf
3 - AIZAWL,8 - Chalfilh(ST),8/6 Khawlian - I,mizoram_pdfs/AC008PART006.pdf
3 - AIZAWL,8 - Chalfilh(ST),8/7 Khawlian - II,mizoram_pdfs/AC008PART007.pdf
3 - AIZAWL,8 - Chalfilh(ST),8/8 Suangpuilawn - I,mizoram_pdfs/AC008PART008.pdf
3 - AIZAWL,8 - Chalfilh(ST),8/9 Suangpuilawn - II,mizoram_pdfs/AC008PART009.pdf
3 - AIZAWL,8 - Chalfilh(ST),8/10 Phuaibuang - I,mizoram_pdfs/AC008PART010.pdf
3 - AIZAWL,8 - Chalfilh(ST),8/11 Phuaibuang - II,mizoram_pdfs/AC008PART011.pdf
3 - AIZAWL,8 - Chalfilh(ST),8/12 Zawngin,mizoram_pdfs/AC008PART012.pdf
3 - AIZAWL,8 - Chalfilh(ST),8/13 Khawruhlian - I,mizoram_pdfs/AC008PART013.pdf
3 - AIZAWL,8 - Chalfilh(ST),8/14 Khawruhlian - II,mizoram_pdfs/AC008PART014.pdf
3 - AIZAWL,8 - Chalfilh(ST),8/15 Hmunnghak,mizoram_pdfs/AC008PART015.pdf
3 - AIZAWL,8 - Chalfilh(ST),8/16 Khanpui,mizoram_pdfs/AC008PART016.pdf
3 - AIZAWL,8 - Chalfilh(ST),8/17 Luangpawn,mizoram_pdfs/AC008PART017.pdf
3 - AIZAWL,8 - Chalfilh(ST),8/18 Phullen - I,mizoram_pdfs/AC008PART018.pdf
3 - AIZAWL,8 - Chalfilh(ST),8/19 Phullen - II,mizoram_pdfs/AC008PART019.pdf
3 - AIZAWL,8 - Chalfilh(ST),8/20 Lailak,mizoram_pdfs/AC008PART020.pdf
3 - AIZAWL,8 - Chalfilh(ST),8/21 Buhban,mizoram_pdfs/AC008PART021.pdf
3 - AIZAWL,8 - Chalfilh(ST),8/22 Thanglailung,mizoram_pdfs/AC008PART022.pdf
3 - AIZAWL,8 - Chalfilh(ST),8/23 C.T.I.,mizoram_pdfs/AC008PART023.pdf
3 - AIZAWL,8 - Chalfilh(ST),8/24 Sesawng - I,mizoram_pdfs/AC008PART024.pdf
3 - AIZAWL,8 - Chalfilh(ST),8/25 Sesawng - II,mizoram_pdfs/AC008PART025.pdf
3 - AIZAWL,8 - Chalfilh(ST),8/26 N. Lungpher,mizoram_pdfs/AC008PART026.pdf
3 - AIZAWL,8 - Chalfilh(ST),8/27 Tualbung,mizoram_pdfs/AC008PART027.pdf
3 - AIZAWL,8 - Chalfilh(ST),8/28 Dilkhan,mizoram_pdfs/AC008PART028.pdf
3 - AIZAWL,8 - Chalfilh(ST),8/29 Sihfa,mizoram_pdfs/AC008PART029.pdf
3 - AIZAWL,8 - Chalfilh(ST),8/Summary,mizoram_pdfs/AC008.pdf
3 - AIZAWL,9 - Tawi(ST),9/1 Tuikhurhlu,mizoram_pdfs/AC009PART001.pdf
3 - AIZAWL,9 - Tawi(ST),9/2 Seling - I,mizoram_pdfs/AC009PART002.pdf
3 - AIZAWL,9 - Tawi(ST),9/3 Seling - II,mizoram_pdfs/AC009PART003.pdf
3 - AIZAWL,9 - Tawi(ST),9/4 Tlangnuam,mizoram_pdfs/AC009PART004.pdf
3 - AIZAWL,9 - Tawi(ST),9/5 Saitual - I,mizoram_pdfs/AC009PART005.pdf
3 - AIZAWL,9 - Tawi(ST),9/6 Saitual - II,mizoram_pdfs/AC009PART006.pdf
3 - AIZAWL,9 - Tawi(ST),9/7 Saitual - III,mizoram_pdfs/AC009PART007.pdf
3 - AIZAWL,9 - Tawi(ST),9/8 Saitual - IV,mizoram_pdfs/AC009PART008.pdf
3 - AIZAWL,9 - Tawi(ST),9/9 Saitual - V,mizoram_pdfs/AC009PART009.pdf
3 - AIZAWL,9 - Tawi(ST),9/10 Thingsulthliah - I,mizoram_pdfs/AC009PART010.pdf
3 - AIZAWL,9 - Tawi(ST),9/11 Thingsulthliah - II,mizoram_pdfs/AC009PART011.pdf
3 - AIZAWL,9 - Tawi(ST),9/12  Thingsulthliah - III,mizoram_pdfs/AC009PART012.pdf
3 - AIZAWL,9 - Tawi(ST),9/13 Keifang - I,mizoram_pdfs/AC009PART013.pdf
3 - AIZAWL,9 - Tawi(ST),9/14 Keifang - II,mizoram_pdfs/AC009PART014.pdf
3 - AIZAWL,9 - Tawi(ST),9/15 Keifang - III,mizoram_pdfs/AC009PART015.pdf
3 - AIZAWL,9 - Tawi(ST),9/16 Rulchawm,mizoram_pdfs/AC009PART016.pdf
3 - AIZAWL,9 - Tawi(ST),9/17 Ruallung,mizoram_pdfs/AC009PART017.pdf
3 - AIZAWL,9 - Tawi(ST),9/18 Lenchim,mizoram_pdfs/AC009PART018.pdf
3 - AIZAWL,9 - Tawi(ST),9/19 Mualpheng,mizoram_pdfs/AC009PART019.pdf
3 - AIZAWL,9 - Tawi(ST),9/20 Tawizo,mizoram_pdfs/AC009PART020.pdf
3 - AIZAWL,9 - Tawi(ST),9/21 Maite,mizoram_pdfs/AC009PART021.pdf
3 - AIZAWL,9 - Tawi(ST),9/Summary,mizoram_pdfs/AC009.pdf
3 - AIZAWL,10 - Aizawl North I(ST),10/1 Selesih,mizoram_pdfs/AC010PART001.pdf
3 - AIZAWL,10 - Aizawl North I(ST),10/2 Durtlang North,mizoram_pdfs/AC010PART002.pdf
3 - AIZAWL,10 - Aizawl North I(ST),10/3 Durtlang - I,mizoram_pdfs/AC010PART003.pdf
3 - AIZAWL,10 - Aizawl North I(ST),10/4 Durtlang - II,mizoram_pdfs/AC010PART004.pdf
3 - AIZAWL,10 - Aizawl North I(ST),10/5 Durtlang - III,mizoram_pdfs/AC010PART005.pdf
3 - AIZAWL,10 - Aizawl North I(ST),10/6 Leitan - I,mizoram_pdfs/AC010PART006.pdf
3 - AIZAWL,10 - Aizawl North I(ST),10/7 Leitan - II,mizoram_pdfs/AC010PART007.pdf
3 - AIZAWL,10 - Aizawl North I(ST),10/8 Leitan - III,mizoram_pdfs/AC010PART008.pdf
3 - AIZAWL,10 - Aizawl North I(ST),10/9 Bawngkawn - I,mizoram_pdfs/AC010PART009.pdf
3 - AIZAWL,10 - Aizawl North I(ST),10/10 Bawngkawn - II,mizoram_pdfs/AC010PART010.pdf
3 - AIZAWL,10 - Aizawl North I(ST),10/11 Bawngkawn - III,mizoram_pdfs/AC010PART011.pdf
3 - AIZAWL,10 - Aizawl North I(ST),10/12 Bawngkawn - IV,mizoram_pdfs/AC010PART012.pdf
3 - AIZAWL,10 - Aizawl North I(ST),10/13 Bawngkawn - V,mizoram_pdfs/AC010PART013.pdf
3 - AIZAWL,10 - Aizawl North I(ST),10/14 Bawngkawn South -I,mizoram_pdfs/AC010PART014.pdf
3 - AIZAWL,10 - Aizawl North I(ST),10/15 Bawngkawn South - II,mizoram_pdfs/AC010PART015.pdf
3 - AIZAWL,10 - Aizawl North I(ST),10/16 Chaltlang - I,mizoram_pdfs/AC010PART016.pdf
3 - AIZAWL,10 - Aizawl North I(ST),10/17 Chaltlang - II,mizoram_pdfs/AC010PART017.pdf
3 - AIZAWL,10 - Aizawl North I(ST),10/18 Chaltlang - III,mizoram_pdfs/AC010PART018.pdf
3 - AIZAWL,10 - Aizawl North I(ST),10/19 Chaltlang - IV,mizoram_pdfs/AC010PART019.pdf
3 - AIZAWL,10 - Aizawl North I(ST),10/20 Chaltlang North I,mizoram_pdfs/AC010PART020.pdf
3 - AIZAWL,10 - Aizawl North I(ST),10/21 Chaltlang North II,mizoram_pdfs/AC010PART021.pdf
3 - AIZAWL,10 - Aizawl North I(ST),10/Summary,mizoram_pdfs/AC010.pdf
3 - AIZAWL,11 - Aizawl North II(ST),11/1 Ramhlun North - I,mizoram_pdfs/AC011PART001.pdf
3 - AIZAWL,11 - Aizawl North II(ST),11/2 Ramhlun North - II,mizoram_pdfs/AC011PART002.pdf
3 - AIZAWL,11 - Aizawl North II(ST),11/3 Ramhlun North - III,mizoram_pdfs/AC011PART003.pdf
3 - AIZAWL,11 - Aizawl North II(ST),11/4 Ramhlun North - IV,mizoram_pdfs/AC011PART004.pdf
3 - AIZAWL,11 - Aizawl North II(ST),11/5 Ramhlun Vengthar - I,mizoram_pdfs/AC011PART005.pdf
3 - AIZAWL,11 - Aizawl North II(ST),11/6 Ramhlun Vengthar - II,mizoram_pdfs/AC011PART006.pdf
3 - AIZAWL,11 - Aizawl North II(ST),11/7 Ramhlun Venglai - I,mizoram_pdfs/AC011PART007.pdf
3 - AIZAWL,11 - Aizawl North II(ST),11/8 Ramhlun Venglai - II,mizoram_pdfs/AC011PART008.pdf
3 - AIZAWL,11 - Aizawl North II(ST),11/9 Ramhlun Venglai - III,mizoram_pdfs/AC011PART009.pdf
3 - AIZAWL,11 - Aizawl North II(ST),11/10 Ramhlun Sports Complex,mizoram_pdfs/AC011PART010.pdf
3 - AIZAWL,11 - Aizawl North II(ST),11/11 Laipuitlang,mizoram_pdfs/AC011PART011.pdf
3 - AIZAWL,11 - Aizawl North II(ST),11/12 Ramhlun South - I,mizoram_pdfs/AC011PART012.pdf
3 - AIZAWL,11 - Aizawl North II(ST),11/13 Ramhlun South - II,mizoram_pdfs/AC011PART013.pdf
3 - AIZAWL,11 - Aizawl North II(ST),11/14 Ramhlun South - III,mizoram_pdfs/AC011PART014.pdf
3 - AIZAWL,11 - Aizawl North II(ST),11/15 Ramhlun South - IV,mizoram_pdfs/AC011PART015.pdf
3 - AIZAWL,11 - Aizawl North II(ST),11/16 Aizawl Venglai - I,mizoram_pdfs/AC011PART016.pdf
3 - AIZAWL,11 - Aizawl North II(ST),11/17 Aizawl Venglai - II,mizoram_pdfs/AC011PART017.pdf
3 - AIZAWL,11 - Aizawl North II(ST),11/18 Ramthar Veng - I,mizoram_pdfs/AC011PART018.pdf
3 - AIZAWL,11 - Aizawl North II(ST),11/19 Ramthar Veng - II,mizoram_pdfs/AC011PART019.pdf
3 - AIZAWL,11 - Aizawl North II(ST),11/20 Ramthar Veng - III,mizoram_pdfs/AC011PART020.pdf
3 - AIZAWL,11 - Aizawl North II(ST),11/21 Ramthar North I,mizoram_pdfs/AC011PART021.pdf
3 - AIZAWL,11 - Aizawl North II(ST),11/22 Ramthar North II,mizoram_pdfs/AC011PART022.pdf
3 - AIZAWL,11 - Aizawl North II(ST),11/Summary,mizoram_pdfs/AC011.pdf
3 - AIZAWL,12 - Aizawl North III(ST),12/1 Edenthar I,mizoram_pdfs/AC012PART001.pdf
3 - AIZAWL,12 - Aizawl North III(ST),12/2 Edenthar II,mizoram_pdfs/AC012PART002.pdf
3 - AIZAWL,12 - Aizawl North III(ST),12/3 Chanmari West - I,mizoram_pdfs/AC012PART003.pdf
3 - AIZAWL,12 - Aizawl North III(ST),12/4 Chanmari West - II,mizoram_pdfs/AC012PART004.pdf
3 - AIZAWL,12 - Aizawl North III(ST),12/5 Chanmari West - III,mizoram_pdfs/AC012PART005.pdf
3 - AIZAWL,12 - Aizawl North III(ST),12/6 Chanmari West - IV,mizoram_pdfs/AC012PART006.pdf
3 - AIZAWL,12 - Aizawl North III(ST),12/7 Chanmari West - V,mizoram_pdfs/AC012PART007.pdf
3 - AIZAWL,12 - Aizawl North III(ST),12/8 Chanmari I,mizoram_pdfs/AC012PART008.pdf
3 - AIZAWL,12 - Aizawl North III(ST),12/9 Chanmari II,mizoram_pdfs/AC012PART009.pdf
3 - AIZAWL,12 - Aizawl North III(ST),12/10 Chanmari III,mizoram_pdfs/AC012PART010.pdf
3 - AIZAWL,12 - Aizawl North III(ST),12/11 Chanmari IV,mizoram_pdfs/AC012PART011.pdf
3 - AIZAWL,12 - Aizawl North III(ST),12/12 Hunthar I,mizoram_pdfs/AC012PART012.pdf
3 - AIZAWL,12 - Aizawl North III(ST),12/13 Hunthar II,mizoram_pdfs/AC012PART013.pdf
3 - AIZAWL,12 - Aizawl North III(ST),12/14 Zarkawt I,mizoram_pdfs/AC012PART014.pdf
3 - AIZAWL,12 - Aizawl North III(ST),12/15 Zaekawt II,mizoram_pdfs/AC012PART015.pdf
3 - AIZAWL,12 - Aizawl North III(ST),12/16 Electric I,mizoram_pdfs/AC012PART016.pdf
3 - AIZAWL,12 - Aizawl North III(ST),12/17 Electric II,mizoram_pdfs/AC012PART017.pdf
3 - AIZAWL,12 - Aizawl North III(ST),12/18 Electric III,mizoram_pdfs/AC012PART018.pdf
3 - AIZAWL,12 - Aizawl North III(ST),12/19 Electric IV,mizoram_pdfs/AC012PART019.pdf
3 - AIZAWL,12 - Aizawl North III(ST),12/Summary,mizoram_pdfs/AC012.pdf
3 - AIZAWL,13 - Aizawl East I(G),13/1 Sihphir - I,mizoram_pdfs/AC013PART001.pdf
3 - AIZAWL,13 - Aizawl East I(G),13/2 Sihphir - II,mizoram_pdfs/AC013PART002.pdf
3 - AIZAWL,13 - Aizawl East I(G),13/3 Sihphir - III,mizoram_pdfs/AC013PART003.pdf
3 - AIZAWL,13 - Aizawl East I(G),13/4 Sihphir Venghlun - I,mizoram_pdfs/AC013PART004.pdf
3 - AIZAWL,13 - Aizawl East I(G),13/5 Sihphir Venghlun - II,mizoram_pdfs/AC013PART005.pdf
3 - AIZAWL,13 - Aizawl East I(G),13/6 Nausel,mizoram_pdfs/AC013PART006.pdf
3 - AIZAWL,13 - Aizawl East I(G),13/7 Muthi,mizoram_pdfs/AC013PART007.pdf
3 - AIZAWL,13 - Aizawl East I(G),13/8 Muanna,mizoram_pdfs/AC013PART008.pdf
3 - AIZAWL,13 - Aizawl East I(G),13/9 Zuangtui - I,mizoram_pdfs/AC013PART009.pdf
3 - AIZAWL,13 - Aizawl East I(G),13/10 Zuangtui - II,mizoram_pdfs/AC013PART010.pdf
3 - AIZAWL,13 - Aizawl East I(G),13/11 Thuampui - I,mizoram_pdfs/AC013PART011.pdf
3 - AIZAWL,13 - Aizawl East I(G),13/12 Thuampui - II,mizoram_pdfs/AC013PART012.pdf
3 - AIZAWL,13 - Aizawl East I(G),13/13 Thuampui - III,mizoram_pdfs/AC013PART013.pdf
3 - AIZAWL,13 - Aizawl East I(G),13/14 Falkland,mizoram_pdfs/AC013PART014.pdf
3 - AIZAWL,13 - Aizawl East I(G),13/15 Zemabawk - I,mizoram_pdfs/AC013PART015.pdf
3 - AIZAWL,13 - Aizawl East I(G),13/16 Zemabawk - II,mizoram_pdfs/AC013PART016.pdf
3 - AIZAWL,13 - Aizawl East I(G),13/17 Zemabawk - III,mizoram_pdfs/AC013PART017.pdf
3 - AIZAWL,13 - Aizawl East I(G),13/18 Zemabawk - IV,mizoram_pdfs/AC013PART018.pdf
3 - AIZAWL,13 - Aizawl East I(G),13/19 Zemabawk - V,mizoram_pdfs/AC013PART019.pdf
3 - AIZAWL,13 - Aizawl East I(G),13/20 Zemabawk - VI,mizoram_pdfs/AC013PART020.pdf
3 - AIZAWL,13 - Aizawl East I(G),13/21 Zemabawk - VII,mizoram_pdfs/AC013PART021.pdf
3 - AIZAWL,13 - Aizawl East I(G),13/21 Zemabawk - VIII,mizoram_pdfs/AC013PART022.pdf
3 - AIZAWL,13 - Aizawl East I(G),13/23 Zemabawk North I,mizoram_pdfs/AC013PART022.pdf
3 - AIZAWL,13 - Aizawl East I(G),13/24 Zemabawk North II,mizoram_pdfs/AC013PART023.pdf
3 - AIZAWL,13 - Aizawl East I(G),13/25 Tuirial Airfield,mizoram_pdfs/AC013PART024.pdf
3 - AIZAWL,13 - Aizawl East I(G),13/26 Tuirial,mizoram_pdfs/AC013PART025.pdf
3 - AIZAWL,13 - Aizawl East I(G),13/Summary,mizoram_pdfs/AC013.pdf
3 - AIZAWL,14 - Aizawl East II(ST),14/1 Armed Veng  - I,mizoram_pdfs/AC014PART001.pdf
3 - AIZAWL,14 - Aizawl East II(ST),14/2 Armed Veng  - II,mizoram_pdfs/AC014PART002.pdf
3 - AIZAWL,14 - Aizawl East II(ST),14/3 Armed Veng  - III,mizoram_pdfs/AC014PART003.pdf
3 - AIZAWL,14 - Aizawl East II(ST),14/4 Chite,mizoram_pdfs/AC014PART004.pdf
3 - AIZAWL,14 - Aizawl East II(ST),14/5 Armed Veng South - I,mizoram_pdfs/AC014PART005.pdf
3 - AIZAWL,14 - Aizawl East II(ST),14/6 Armed Veng South - II,mizoram_pdfs/AC014PART006.pdf
3 - AIZAWL,14 - Aizawl East II(ST),14/7 Armed Veng South - III,mizoram_pdfs/AC014PART007.pdf
3 - AIZAWL,14 - Aizawl East II(ST),14/8 Armed Veng South - IV,mizoram_pdfs/AC014PART008.pdf
3 - AIZAWL,14 - Aizawl East II(ST),14/9 Chhinga Veng - I,mizoram_pdfs/AC014PART009.pdf
3 - AIZAWL,14 - Aizawl East II(ST),14/10 Chhinga Veng - II,mizoram_pdfs/AC014PART010.pdf
3 - AIZAWL,14 - Aizawl East II(ST),14/11 Chhinga Veng - III,mizoram_pdfs/AC014PART011.pdf
3 - AIZAWL,14 - Aizawl East II(ST),14/12 Chhinga Veng - IV,mizoram_pdfs/AC014PART012.pdf
3 - AIZAWL,14 - Aizawl East II(ST),14/13 Chhinga Veng - V,mizoram_pdfs/AC014PART013.pdf
3 - AIZAWL,14 - Aizawl East II(ST),14/14 Dawrpui - I,mizoram_pdfs/AC014PART014.pdf
3 - AIZAWL,14 - Aizawl East II(ST),14/15 Dawrpui - II,mizoram_pdfs/AC014PART015.pdf
3 - AIZAWL,14 - Aizawl East II(ST),14/16 Saron Veng - I,mizoram_pdfs/AC014PART016.pdf
3 - AIZAWL,14 - Aizawl East II(ST),14/17 Saron Veng - II,mizoram_pdfs/AC014PART017.pdf
3 - AIZAWL,14 - Aizawl East II(ST),14/18 Tuithiang I,mizoram_pdfs/AC014PART018.pdf
3 - AIZAWL,14 - Aizawl East II(ST),14/19 Tuithiang II,mizoram_pdfs/AC014PART019.pdf
3 - AIZAWL,14 - Aizawl East II(ST),14/Summary,mizoram_pdfs/AC014.pdf
3 - AIZAWL,15 - Aizawl West I(ST),15/1 Sairang Dinthar,mizoram_pdfs/AC015PART001.pdf
3 - AIZAWL,15 - Aizawl West I(ST),15/2 Sairang - I,mizoram_pdfs/AC015PART002.pdf
3 - AIZAWL,15 - Aizawl West I(ST),15/3 Sairang - II,mizoram_pdfs/AC015PART003.pdf
3 - AIZAWL,15 - Aizawl West I(ST),15/4 Sihhmui,mizoram_pdfs/AC015PART004.pdf
3 - AIZAWL,15 - Aizawl West I(ST),15/5 P.T.C. Lungverh,mizoram_pdfs/AC015PART005.pdf
3 - AIZAWL,15 - Aizawl West I(ST),15/6 Tankhril - I,mizoram_pdfs/AC015PART006.pdf
3 - AIZAWL,15 - Aizawl West I(ST),15/7 Tanhril - II,mizoram_pdfs/AC015PART007.pdf
3 - AIZAWL,15 - Aizawl West I(ST),15/8 Sakawrtuichhun,mizoram_pdfs/AC015PART008.pdf
3 - AIZAWL,15 - Aizawl West I(ST),15/9 Central Jail Veng,mizoram_pdfs/AC015PART009.pdf
3 - AIZAWL,15 - Aizawl West I(ST),15/10 Tuivamit,mizoram_pdfs/AC015PART010.pdf
3 - AIZAWL,15 - Aizawl West I(ST),15/11 Chawlhhmun - I,mizoram_pdfs/AC015PART011.pdf
3 - AIZAWL,15 - Aizawl West I(ST),15/12 Chawlhhmun - II,mizoram_pdfs/AC015PART012.pdf
3 - AIZAWL,15 - Aizawl West I(ST),15/13 Govt. Complex I,mizoram_pdfs/AC015PART013.pdf
3 - AIZAWL,15 - Aizawl West I(ST),15/14 Govt. Complex II,mizoram_pdfs/AC015PART014.pdf
3 - AIZAWL,15 - Aizawl West I(ST),15/15 Luangmual - I,mizoram_pdfs/AC015PART015.pdf
3 - AIZAWL,15 - Aizawl West I(ST),15/16 Luangmual - II,mizoram_pdfs/AC015PART016.pdf
3 - AIZAWL,15 - Aizawl West I(ST),15/17 Luangmual III,mizoram_pdfs/AC015PART017.pdf
3 - AIZAWL,15 - Aizawl West I(ST),15/18 Phunchawng,mizoram_pdfs/AC015PART018.pdf
3 - AIZAWL,15 - Aizawl West I(ST),15/19 Zonuam - I,mizoram_pdfs/AC015PART019.pdf
3 - AIZAWL,15 - Aizawl West I(ST),15/20 Zonuam - II,mizoram_pdfs/AC015PART020.pdf
3 - AIZAWL,15 - Aizawl West I(ST),15/21 Rangvamual,mizoram_pdfs/AC015PART021.pdf
3 - AIZAWL,15 - Aizawl West I(ST),15/22 Zotlang - I,mizoram_pdfs/AC015PART022.pdf
3 - AIZAWL,15 - Aizawl West I(ST),15/23 Zotlang - II,mizoram_pdfs/AC015PART023.pdf
3 - AIZAWL,15 - Aizawl West I(ST),15/24 Chawnpui - I,mizoram_pdfs/AC015PART024.pdf
3 - AIZAWL,15 - Aizawl West I(ST),15/25 Chawnpui - II,mizoram_pdfs/AC015PART025.pdf
3 - AIZAWL,15 - Aizawl West I(ST),15/26 Chawnpui - III,mizoram_pdfs/AC015PART026.pdf
3 - AIZAWL,15 - Aizawl West I(ST),15/Summary,mizoram_pdfs/AC015.pdf
3 - AIZAWL,16 - Aizawl West II(ST),16/1 Vaivakawn - I,mizoram_pdfs/AC016PART001.pdf
3 - AIZAWL,16 - Aizawl West II(ST),16/2 Vaivakawn - II,mizoram_pdfs/AC016PART002.pdf
3 - AIZAWL,16 - Aizawl West II(ST),16/3 Vaivakawn - III,mizoram_pdfs/AC016PART003.pdf
3 - AIZAWL,16 - Aizawl West II(ST),16/4 Kanan - I,mizoram_pdfs/AC016PART004.pdf
3 - AIZAWL,16 - Aizawl West II(ST),16/5 Kanan â€“ II,mizoram_pdfs/AC016PART005.pdf
3 - AIZAWL,16 - Aizawl West II(ST),16/6 Kanan-III,mizoram_pdfs/AC016PART006.pdf
3 - AIZAWL,16 - Aizawl West II(ST),16/7 Dinthar - I,mizoram_pdfs/AC016PART007.pdf
3 - AIZAWL,16 - Aizawl West II(ST),16/8 Dinthar - II,mizoram_pdfs/AC016PART008.pdf
3 - AIZAWL,16 - Aizawl West II(ST),16/9 Dinthar - III,mizoram_pdfs/AC016PART009.pdf
3 - AIZAWL,16 - Aizawl West II(ST),16/10 Dinthar - IV,mizoram_pdfs/AC016PART010.pdf
3 - AIZAWL,16 - Aizawl West II(ST),16/11 Dawrpui Vengthar - I,mizoram_pdfs/AC016PART011.pdf
3 - AIZAWL,16 - Aizawl West II(ST),16/12 Dawrpui Vengthar - II,mizoram_pdfs/AC016PART012.pdf
3 - AIZAWL,16 - Aizawl West II(ST),16/13 Dawrpui Vengthar - III,mizoram_pdfs/AC016PART013.pdf
3 - AIZAWL,16 - Aizawl West II(ST),16/14 Tuikual South - I,mizoram_pdfs/AC016PART014.pdf
3 - AIZAWL,16 - Aizawl West II(ST),16/15 Tuikual South - II,mizoram_pdfs/AC016PART015.pdf
3 - AIZAWL,16 - Aizawl West II(ST),16/16 Tuikual South - III,mizoram_pdfs/AC016PART016.pdf
3 - AIZAWL,16 - Aizawl West II(ST),16/17 Tuikual South - IV,mizoram_pdfs/AC016PART017.pdf
3 - AIZAWL,16 - Aizawl West II(ST),16/18 Tuikual North - I,mizoram_pdfs/AC016PART018.pdf
3 - AIZAWL,16 - Aizawl West II(ST),16/19 Tuikual North - II,mizoram_pdfs/AC016PART019.pdf
3 - AIZAWL,16 - Aizawl West II(ST),16/20 Tuikual North - III,mizoram_pdfs/AC016PART020.pdf
3 - AIZAWL,16 - Aizawl West II(ST),16/Summary,mizoram_pdfs/AC016.pdf
3 - AIZAWL,17 - Aizawl West III(ST),17/1 Lawipu,mizoram_pdfs/AC017PART001.pdf
3 - AIZAWL,17 - Aizawl West III(ST),17/2 Maubawk - I,mizoram_pdfs/AC017PART002.pdf
3 - AIZAWL,17 - Aizawl West III(ST),17/3 Maubawk - II,mizoram_pdfs/AC017PART003.pdf
3 - AIZAWL,17 - Aizawl West III(ST),17/4 Maubawk - III,mizoram_pdfs/AC017PART004.pdf
3 - AIZAWL,17 - Aizawl West III(ST),17/5 Bungkawn - I,mizoram_pdfs/AC017PART005.pdf
3 - AIZAWL,17 - Aizawl West III(ST),17/6 Bungkawn - II,mizoram_pdfs/AC017PART006.pdf
3 - AIZAWL,17 - Aizawl West III(ST),17/7 Bungkawn - III,mizoram_pdfs/AC017PART007.pdf
3 - AIZAWL,17 - Aizawl West III(ST),17/8 Bungkawn - IV,mizoram_pdfs/AC017PART008.pdf
3 - AIZAWL,17 - Aizawl West III(ST),17/9 Bungkawn Vengthar - I,mizoram_pdfs/AC017PART009.pdf
3 - AIZAWL,17 - Aizawl West III(ST),17/10 Bungkawn Vengthar - II,mizoram_pdfs/AC017PART010.pdf
3 - AIZAWL,17 - Aizawl West III(ST),17/11 Nursery Veng - I,mizoram_pdfs/AC017PART011.pdf
3 - AIZAWL,17 - Aizawl West III(ST),17/12 Nursery Veng - II,mizoram_pdfs/AC017PART012.pdf
3 - AIZAWL,17 - Aizawl West III(ST),17/13 Khatla - I,mizoram_pdfs/AC017PART013.pdf
3 - AIZAWL,17 - Aizawl West III(ST),17/14 Khatla - II,mizoram_pdfs/AC017PART014.pdf
3 - AIZAWL,17 - Aizawl West III(ST),17/15 Khatla - III,mizoram_pdfs/AC017PART015.pdf
3 - AIZAWL,17 - Aizawl West III(ST),17/16 Khatla - IV,mizoram_pdfs/AC017PART016.pdf
3 - AIZAWL,17 - Aizawl West III(ST),17/17 Khatla -V,mizoram_pdfs/AC017PART017.pdf
3 - AIZAWL,17 - Aizawl West III(ST),17/18 Khatla East,mizoram_pdfs/AC017PART018.pdf
3 - AIZAWL,17 - Aizawl West III(ST),17/19 Khatla South - I,mizoram_pdfs/AC017PART019.pdf
3 - AIZAWL,17 - Aizawl West III(ST),17/20 Khatla South - II,mizoram_pdfs/AC017PART020.pdf
3 - AIZAWL,17 - Aizawl West III(ST),17/21 Mission Vengthlang - I,mizoram_pdfs/AC017PART021.pdf
3 - AIZAWL,17 - Aizawl West III(ST),17/22 Mission Vengthlang - II,mizoram_pdfs/AC017PART022.pdf
3 - AIZAWL,17 - Aizawl West III(ST),17/23 Mission Vengthlang - III,mizoram_pdfs/AC017PART023.pdf
3 - AIZAWL,17 - Aizawl West III(ST),17/Summary,mizoram_pdfs/AC017.pdf
3 - AIZAWL,18 - Aizawl South I(ST),18/1 Bethlehem - I,mizoram_pdfs/AC018PART001.pdf
3 - AIZAWL,18 - Aizawl South I(ST),18/2 Bethlehem - II,mizoram_pdfs/AC018PART002.pdf
3 - AIZAWL,18 - Aizawl South I(ST),18/3 Bethlehem - III,mizoram_pdfs/AC018PART003.pdf
3 - AIZAWL,18 - Aizawl South I(ST),18/4 Bethlehem Vengthlang - I,mizoram_pdfs/AC018PART004.pdf
3 - AIZAWL,18 - Aizawl South I(ST),18/5 Bethlehem Vengthlang - II,mizoram_pdfs/AC018PART005.pdf
3 - AIZAWL,18 - Aizawl South I(ST),18/6 Bethlehem Vengthlang - III,mizoram_pdfs/AC018PART006.pdf
3 - AIZAWL,18 - Aizawl South I(ST),18/7 Bethlehem Vengthlang - IV,mizoram_pdfs/AC018PART007.pdf
3 - AIZAWL,18 - Aizawl South I(ST),18/8 Bethlehem Vengthlang - V,mizoram_pdfs/AC018PART008.pdf
3 - AIZAWL,18 - Aizawl South I(ST),18/9 College Veng - I,mizoram_pdfs/AC018PART009.pdf
3 - AIZAWL,18 - Aizawl South I(ST),18/10 College Veng - II,mizoram_pdfs/AC018PART010.pdf
3 - AIZAWL,18 - Aizawl South I(ST),18/11 Venghlui - I,mizoram_pdfs/AC018PART011.pdf
3 - AIZAWL,18 - Aizawl South I(ST),18/12 Venghlui - II,mizoram_pdfs/AC018PART012.pdf
3 - AIZAWL,18 - Aizawl South I(ST),18/13 Venghlui - III,mizoram_pdfs/AC018PART013.pdf
3 - AIZAWL,18 - Aizawl South I(ST),18/14 Upper Republic - I,mizoram_pdfs/AC018PART014.pdf
3 - AIZAWL,18 - Aizawl South I(ST),18/15 Upper Republic - II,mizoram_pdfs/AC018PART015.pdf
3 - AIZAWL,18 - Aizawl South I(ST),18/16 Republic - I,mizoram_pdfs/AC018PART016.pdf
3 - AIZAWL,18 - Aizawl South I(ST),18/17 Republic - II,mizoram_pdfs/AC018PART017.pdf
3 - AIZAWL,18 - Aizawl South I(ST),18/18 Republic - III,mizoram_pdfs/AC018PART018.pdf
3 - AIZAWL,18 - Aizawl South I(ST),18/19 Republic Vengthlang - I,mizoram_pdfs/AC018PART019.pdf
3 - AIZAWL,18 - Aizawl South I(ST),18/20 Republic Vengthlang - II,mizoram_pdfs/AC018PART020.pdf
3 - AIZAWL,18 - Aizawl South I(ST),18/Summary,mizoram_pdfs/AC018.pdf
3 - AIZAWL,19 - Aizawl South II(ST),19/1 Tuikhuahtlang I,mizoram_pdfs/AC019PART001.pdf
3 - AIZAWL,19 - Aizawl South II(ST),19/2 Tuikhuahtlang II,mizoram_pdfs/AC019PART002.pdf
3 - AIZAWL,19 - Aizawl South II(ST),19/3 Mission Veng - I,mizoram_pdfs/AC019PART003.pdf
3 - AIZAWL,19 - Aizawl South II(ST),19/4 Mission Veng - II,mizoram_pdfs/AC019PART004.pdf
3 - AIZAWL,19 - Aizawl South II(ST),19/5 Mission Veng - III,mizoram_pdfs/AC019PART005.pdf
3 - AIZAWL,19 - Aizawl South II(ST),19/6 Mission Veng - IV,mizoram_pdfs/AC019PART006.pdf
3 - AIZAWL,19 - Aizawl South II(ST),19/7 I.T.I Veng - I,mizoram_pdfs/AC019PART007.pdf
3 - AIZAWL,19 - Aizawl South II(ST),19/8 I.T.I Veng - II,mizoram_pdfs/AC019PART008.pdf
3 - AIZAWL,19 - Aizawl South II(ST),19/9 I.T.I Veng - III,mizoram_pdfs/AC019PART009.pdf
3 - AIZAWL,19 - Aizawl South II(ST),19/10 I.T.I Veng - IV,mizoram_pdfs/AC019PART010.pdf
3 - AIZAWL,19 - Aizawl South II(ST),19/11 Thakthing,mizoram_pdfs/AC019PART011.pdf
3 - AIZAWL,19 - Aizawl South II(ST),19/12 Dam Veng,mizoram_pdfs/AC019PART012.pdf
3 - AIZAWL,19 - Aizawl South II(ST),19/13 Venghnuai - I,mizoram_pdfs/AC019PART013.pdf
3 - AIZAWL,19 - Aizawl South II(ST),19/14 Venghnuai - II,mizoram_pdfs/AC019PART014.pdf
3 - AIZAWL,19 - Aizawl South II(ST),19/15 Salem Veng - I,mizoram_pdfs/AC019PART015.pdf
3 - AIZAWL,19 - Aizawl South II(ST),19/16 Salem Veng - II,mizoram_pdfs/AC019PART016.pdf
3 - AIZAWL,19 - Aizawl South II(ST),19/17 Salem Veng III,mizoram_pdfs/AC019PART017.pdf
3 - AIZAWL,19 - Aizawl South II(ST),19/18 Model Veng,mizoram_pdfs/AC019PART018.pdf
3 - AIZAWL,19 - Aizawl South II(ST),19/19 Kulikawn - I,mizoram_pdfs/AC019PART019.pdf
3 - AIZAWL,19 - Aizawl South II(ST),19/20 Kulikawn - II,mizoram_pdfs/AC019PART020.pdf
3 - AIZAWL,19 - Aizawl South II(ST),19/21 Kulikawn - III,mizoram_pdfs/AC019PART021.pdf
3 - AIZAWL,19 - Aizawl South II(ST),19/22 Tlangnuam - I,mizoram_pdfs/AC019PART022.pdf
3 - AIZAWL,19 - Aizawl South II(ST),19/23 Tlangnuam - II,mizoram_pdfs/AC019PART023.pdf
3 - AIZAWL,19 - Aizawl South II(ST),19/24 Tlangnuam - III,mizoram_pdfs/AC019PART024.pdf
3 - AIZAWL,19 - Aizawl South II(ST),19/Summary,mizoram_pdfs/AC019.pdf
3 - AIZAWL,20 - Aizawl South III(ST),20/1 Saikhamakawn,mizoram_pdfs/AC020PART001.pdf
3 - AIZAWL,20 - Aizawl South III(ST),20/2 Melthum,mizoram_pdfs/AC020PART002.pdf
3 - AIZAWL,20 - Aizawl South III(ST),20/3 Hlimen - I,mizoram_pdfs/AC020PART003.pdf
3 - AIZAWL,20 - Aizawl South III(ST),20/4 Hlimen - II,mizoram_pdfs/AC020PART004.pdf
3 - AIZAWL,20 - Aizawl South III(ST),20/5 Lungleng,mizoram_pdfs/AC020PART005.pdf
3 - AIZAWL,20 - Aizawl South III(ST),20/6 N. Lengleng,mizoram_pdfs/AC020PART006.pdf
3 - AIZAWL,20 - Aizawl South III(ST),20/7 Samtlang,mizoram_pdfs/AC020PART007.pdf
3 - AIZAWL,20 - Aizawl South III(ST),20/8 Hualngohmun,mizoram_pdfs/AC020PART008.pdf
3 - AIZAWL,20 - Aizawl South III(ST),20/9 Melriat,mizoram_pdfs/AC020PART009.pdf
3 - AIZAWL,20 - Aizawl South III(ST),20/10 Kelsih,mizoram_pdfs/AC020PART010.pdf
3 - AIZAWL,20 - Aizawl South III(ST),20/11 Falkawn,mizoram_pdfs/AC020PART011.pdf
3 - AIZAWL,20 - Aizawl South III(ST),20/12 Muallungthu,mizoram_pdfs/AC020PART012.pdf
3 - AIZAWL,20 - Aizawl South III(ST),20/13 Tachhip,mizoram_pdfs/AC020PART013.pdf
3 - AIZAWL,20 - Aizawl South III(ST),20/14 Aibawk,mizoram_pdfs/AC020PART014.pdf
3 - AIZAWL,20 - Aizawl South III(ST),20/15 Phulpui,mizoram_pdfs/AC020PART015.pdf
3 - AIZAWL,20 - Aizawl South III(ST),20/16 Sateek,mizoram_pdfs/AC020PART016.pdf
3 - AIZAWL,20 - Aizawl South III(ST),20/17 Maubuang,mizoram_pdfs/AC020PART017.pdf
3 - AIZAWL,20 - Aizawl South III(ST),20/18 Thiak,mizoram_pdfs/AC020PART018.pdf
3 - AIZAWL,20 - Aizawl South III(ST),20/19 Lungsei,mizoram_pdfs/AC020PART019.pdf
3 - AIZAWL,20 - Aizawl South III(ST),20/20 Sumsih,mizoram_pdfs/AC020PART020.pdf
3 - AIZAWL,20 - Aizawl South III(ST),20/21 Samlukhai,mizoram_pdfs/AC020PART021.pdf
3 - AIZAWL,20 - Aizawl South III(ST),20/22 Hmuifang,mizoram_pdfs/AC020PART022.pdf
3 - AIZAWL,20 - Aizawl South III(ST),20/23 Chawilung,mizoram_pdfs/AC020PART023.pdf
3 - AIZAWL,20 - Aizawl South III(ST),20/24 Lamchhip,mizoram_pdfs/AC020PART024.pdf
3 - AIZAWL,20 - Aizawl South III(ST),20/25 Chamring,mizoram_pdfs/AC020PART025.pdf
3 - AIZAWL,20 - Aizawl South III(ST),20/26 Sialsuk - I,mizoram_pdfs/AC020PART026.pdf
3 - AIZAWL,20 - Aizawl South III(ST),20/27 Sialsuk - II,mizoram_pdfs/AC020PART027.pdf
3 - AIZAWL,20 - Aizawl South III(ST),20/28 Sailam,mizoram_pdfs/AC020PART028.pdf
3 - AIZAWL,20 - Aizawl South III(ST),20/Summary,mizoram_pdfs/AC020.pdf
4 - CHAMPHAI,21 - Lengteng(ST),21/1 Chiahpui,mizoram_pdfs/AC021PART001.pdf
4 - CHAMPHAI,21 - Lengteng(ST),21/2 Khawkawn,mizoram_pdfs/AC021PART002.pdf
4 - CHAMPHAI,21 - Lengteng(ST),21/3 Mimbung - I,mizoram_pdfs/AC021PART003.pdf
4 - CHAMPHAI,21 - Lengteng(ST),21/4 Mimbung - II,mizoram_pdfs/AC021PART004.pdf
4 - CHAMPHAI,21 - Lengteng(ST),21/5 Hrianghmun,mizoram_pdfs/AC021PART005.pdf
4 - CHAMPHAI,21 - Lengteng(ST),21/6 N.E. Khawdungsei - I,mizoram_pdfs/AC021PART006.pdf
4 - CHAMPHAI,21 - Lengteng(ST),21/7 N.E. Khawdungsei - II,mizoram_pdfs/AC021PART007.pdf
4 - CHAMPHAI,21 - Lengteng(ST),21/8 Teikhang,mizoram_pdfs/AC021PART008.pdf
4 - CHAMPHAI,21 - Lengteng(ST),21/9 Ngopa - I,mizoram_pdfs/AC021PART009.pdf
4 - CHAMPHAI,21 - Lengteng(ST),21/10 Ngopa - II,mizoram_pdfs/AC021PART010.pdf
4 - CHAMPHAI,21 - Lengteng(ST),21/11 Ngopa - III,mizoram_pdfs/AC021PART011.pdf
4 - CHAMPHAI,21 - Lengteng(ST),21/12 Kawlbem,mizoram_pdfs/AC021PART012.pdf
4 - CHAMPHAI,21 - Lengteng(ST),21/13 Pawlrang,mizoram_pdfs/AC021PART013.pdf
4 - CHAMPHAI,21 - Lengteng(ST),21/14 Lamzawl,mizoram_pdfs/AC021PART014.pdf
4 - CHAMPHAI,21 - Lengteng(ST),21/15 Changzawl,mizoram_pdfs/AC021PART015.pdf
4 - CHAMPHAI,21 - Lengteng(ST),21/16 Hliappui - I,mizoram_pdfs/AC021PART016.pdf
4 - CHAMPHAI,21 - Lengteng(ST),21/17 Hliappui - II,mizoram_pdfs/AC021PART017.pdf
4 - CHAMPHAI,21 - Lengteng(ST),21/18 Saichal,mizoram_pdfs/AC021PART018.pdf
4 - CHAMPHAI,21 - Lengteng(ST),21/19 Vankal,mizoram_pdfs/AC021PART019.pdf
4 - CHAMPHAI,21 - Lengteng(ST),21/20 Dulte,mizoram_pdfs/AC021PART020.pdf
4 - CHAMPHAI,21 - Lengteng(ST),21/21 Kawlkulh - I,mizoram_pdfs/AC021PART021.pdf
4 - CHAMPHAI,21 - Lengteng(ST),21/22 Kawlkulh - II,mizoram_pdfs/AC021PART022.pdf
4 - CHAMPHAI,21 - Lengteng(ST),21/23 Kawlkulh - III,mizoram_pdfs/AC021PART023.pdf
4 - CHAMPHAI,21 - Lengteng(ST),21/24 Taitawkawn,mizoram_pdfs/AC021PART024.pdf
4 - CHAMPHAI,21 - Lengteng(ST),21/25 Puilo,mizoram_pdfs/AC021PART025.pdf
4 - CHAMPHAI,21 - Lengteng(ST),21/26 Chhawrtui,mizoram_pdfs/AC021PART026.pdf
4 - CHAMPHAI,21 - Lengteng(ST),21/27 Vanchengpui,mizoram_pdfs/AC021PART027.pdf
4 - CHAMPHAI,21 - Lengteng(ST),21/Summary,mizoram_pdfs/AC021.pdf
4 - CHAMPHAI,22 - Tuichang(ST),22/1 Arro,mizoram_pdfs/AC022PART001.pdf
4 - CHAMPHAI,22 - Tuichang(ST),22/2 Khualen,mizoram_pdfs/AC022PART002.pdf
4 - CHAMPHAI,22 - Tuichang(ST),22/3 Khawzawl - I,mizoram_pdfs/AC022PART003.pdf
4 - CHAMPHAI,22 - Tuichang(ST),22/4 Khawzawl - II,mizoram_pdfs/AC022PART004.pdf
4 - CHAMPHAI,22 - Tuichang(ST),22/5 Khawzawl - III,mizoram_pdfs/AC022PART005.pdf
4 - CHAMPHAI,22 - Tuichang(ST),22/6 Khawzawl - IV,mizoram_pdfs/AC022PART006.pdf
4 - CHAMPHAI,22 - Tuichang(ST),22/7 Khawzawl - V,mizoram_pdfs/AC022PART007.pdf
4 - CHAMPHAI,22 - Tuichang(ST),22/8 Khawzawl - VI,mizoram_pdfs/AC022PART008.pdf
4 - CHAMPHAI,22 - Tuichang(ST),22/9 Khawzawl - VII,mizoram_pdfs/AC022PART009.pdf
4 - CHAMPHAI,22 - Tuichang(ST),22/10 Khawzawl - VIII,mizoram_pdfs/AC022PART010.pdf
4 - CHAMPHAI,22 - Tuichang(ST),22/11 Khawzawl - IX,mizoram_pdfs/AC022PART011.pdf
4 - CHAMPHAI,22 - Tuichang(ST),22/12 Hmuncheng,mizoram_pdfs/AC022PART012.pdf
4 - CHAMPHAI,22 - Tuichang(ST),22/13 Chawngtlai,mizoram_pdfs/AC022PART013.pdf
4 - CHAMPHAI,22 - Tuichang(ST),22/14 Tualte,mizoram_pdfs/AC022PART014.pdf
4 - CHAMPHAI,22 - Tuichang(ST),22/15 Chalrang,mizoram_pdfs/AC022PART015.pdf
4 - CHAMPHAI,22 - Tuichang(ST),22/16 New Chalrang,mizoram_pdfs/AC022PART016.pdf
4 - CHAMPHAI,22 - Tuichang(ST),22/17 Lungtan,mizoram_pdfs/AC022PART017.pdf
4 - CHAMPHAI,22 - Tuichang(ST),22/18 Vantlang,mizoram_pdfs/AC022PART018.pdf
4 - CHAMPHAI,22 - Tuichang(ST),22/19 Tlangmawi,mizoram_pdfs/AC022PART019.pdf
4 - CHAMPHAI,22 - Tuichang(ST),22/20 Khawhai - I,mizoram_pdfs/AC022PART020.pdf
4 - CHAMPHAI,22 - Tuichang(ST),22/21 Khawhai - II,mizoram_pdfs/AC022PART021.pdf
4 - CHAMPHAI,22 - Tuichang(ST),22/22 Riangtlei,mizoram_pdfs/AC022PART022.pdf
4 - CHAMPHAI,22 - Tuichang(ST),22/23 Tlangpui,mizoram_pdfs/AC022PART023.pdf
4 - CHAMPHAI,22 - Tuichang(ST),22/24 Sialhawk - I,mizoram_pdfs/AC022PART024.pdf
4 - CHAMPHAI,22 - Tuichang(ST),22/25 Sialhawk - II,mizoram_pdfs/AC022PART025.pdf
4 - CHAMPHAI,22 - Tuichang(ST),22/Summary,mizoram_pdfs/AC022.pdf
4 - CHAMPHAI,23 - Champhai North(ST),23/1 Selam,mizoram_pdfs/AC023PART001.pdf
4 - CHAMPHAI,23 - Champhai North(ST),23/2 Vaikhawtlang,mizoram_pdfs/AC023PART002.pdf
4 - CHAMPHAI,23 - Champhai North(ST),23/3 Khuangphah,mizoram_pdfs/AC023PART003.pdf
4 - CHAMPHAI,23 - Champhai North(ST),23/4 Lungphunlian,mizoram_pdfs/AC023PART004.pdf
4 - CHAMPHAI,23 - Champhai North(ST),23/5 Pamchung,mizoram_pdfs/AC023PART005.pdf
4 - CHAMPHAI,23 - Champhai North(ST),23/6 Hnahlan - I,mizoram_pdfs/AC023PART006.pdf
4 - CHAMPHAI,23 - Champhai North(ST),23/7 Hnahlan - II,mizoram_pdfs/AC023PART007.pdf
4 - CHAMPHAI,23 - Champhai North(ST),23/8 Tualcheng,mizoram_pdfs/AC023PART008.pdf
4 - CHAMPHAI,23 - Champhai North(ST),23/9 Aiduzawl,mizoram_pdfs/AC023PART009.pdf
4 - CHAMPHAI,23 - Champhai North(ST),23/10 Murlen,mizoram_pdfs/AC023PART010.pdf
4 - CHAMPHAI,23 - Champhai North(ST),23/11 N. Diltlang,mizoram_pdfs/AC023PART011.pdf
4 - CHAMPHAI,23 - Champhai North(ST),23/12 Rabung,mizoram_pdfs/AC023PART012.pdf
4 - CHAMPHAI,23 - Champhai North(ST),23/13 Vapar,mizoram_pdfs/AC023PART013.pdf
4 - CHAMPHAI,23 - Champhai North(ST),23/14 Tualpui,mizoram_pdfs/AC023PART014.pdf
4 - CHAMPHAI,23 - Champhai North(ST),23/15 Ngaizawl,mizoram_pdfs/AC023PART015.pdf
4 - CHAMPHAI,23 - Champhai North(ST),23/16 Neihdawn,mizoram_pdfs/AC023PART016.pdf
4 - CHAMPHAI,23 - Champhai North(ST),23/17 N. Khawbung,mizoram_pdfs/AC023PART017.pdf
4 - CHAMPHAI,23 - Champhai North(ST),23/18 Ngur,mizoram_pdfs/AC023PART018.pdf
4 - CHAMPHAI,23 - Champhai North(ST),23/19 Zote,mizoram_pdfs/AC023PART019.pdf
4 - CHAMPHAI,23 - Champhai North(ST),23/20 Hmunhmeltha,mizoram_pdfs/AC023PART020.pdf
4 - CHAMPHAI,23 - Champhai North(ST),23/21 Keifangtlang,mizoram_pdfs/AC023PART021.pdf
4 - CHAMPHAI,23 - Champhai North(ST),23/22 Vengsang - I,mizoram_pdfs/AC023PART022.pdf
4 - CHAMPHAI,23 - Champhai North(ST),23/23 Vengsang - II,mizoram_pdfs/AC023PART023.pdf
4 - CHAMPHAI,23 - Champhai North(ST),23/24 Kahrawt - I,mizoram_pdfs/AC023PART024.pdf
4 - CHAMPHAI,23 - Champhai North(ST),23/25 Kahrawt - II,mizoram_pdfs/AC023PART025.pdf
4 - CHAMPHAI,23 - Champhai North(ST),23/26 Rahsi Veng,mizoram_pdfs/AC023PART026.pdf
4 - CHAMPHAI,23 - Champhai North(ST),23/27 IB Veng,mizoram_pdfs/AC023PART027.pdf
4 - CHAMPHAI,23 - Champhai North(ST),23/28 Awmpui Veng,mizoram_pdfs/AC023PART028.pdf
4 - CHAMPHAI,23 - Champhai North(ST),23/29 Dawr Veng,mizoram_pdfs/AC023PART029.pdf
4 - CHAMPHAI,23 - Champhai North(ST),23/30 Vengthlang North,mizoram_pdfs/AC023PART030.pdf
4 - CHAMPHAI,23 - Champhai North(ST),23/Summary,mizoram_pdfs/AC023.pdf
4 - CHAMPHAI,24 - Champhai South(ST),24/1 Tuipui,mizoram_pdfs/AC024PART001.pdf
4 - CHAMPHAI,24 - Champhai South(ST),24/2 Chhungte,mizoram_pdfs/AC024PART002.pdf
4 - CHAMPHAI,24 - Champhai South(ST),24/3 Kanan - I,mizoram_pdfs/AC024PART003.pdf
4 - CHAMPHAI,24 - Champhai South(ST),24/4 Kanan - II,mizoram_pdfs/AC024PART004.pdf
4 - CHAMPHAI,24 - Champhai South(ST),24/5 Dinthar,mizoram_pdfs/AC024PART005.pdf
4 - CHAMPHAI,24 - Champhai South(ST),24/6 Venglai - I,mizoram_pdfs/AC024PART006.pdf
4 - CHAMPHAI,24 - Champhai South(ST),24/7 Venglai - II,mizoram_pdfs/AC024PART007.pdf
4 - CHAMPHAI,24 - Champhai South(ST),24/8 Electric Veng,mizoram_pdfs/AC024PART008.pdf
4 - CHAMPHAI,24 - Champhai South(ST),24/9 Bethel - I,mizoram_pdfs/AC024PART009.pdf
4 - CHAMPHAI,24 - Champhai South(ST),24/10 Bethel - II,mizoram_pdfs/AC024PART010.pdf
4 - CHAMPHAI,24 - Champhai South(ST),24/11 Zion Veng,mizoram_pdfs/AC024PART011.pdf
4 - CHAMPHAI,24 - Champhai South(ST),24/12 Champhai Vengthar,mizoram_pdfs/AC024PART012.pdf
4 - CHAMPHAI,24 - Champhai South(ST),24/13 New Champhai,mizoram_pdfs/AC024PART013.pdf
4 - CHAMPHAI,24 - Champhai South(ST),24/14 Tlangsam - I,mizoram_pdfs/AC024PART014.pdf
4 - CHAMPHAI,24 - Champhai South(ST),24/15 Tlangsam - II,mizoram_pdfs/AC024PART015.pdf
4 - CHAMPHAI,24 - Champhai South(ST),24/16 Zotlang - I,mizoram_pdfs/AC024PART016.pdf
4 - CHAMPHAI,24 - Champhai South(ST),24/17 Zotlang - II,mizoram_pdfs/AC024PART017.pdf
4 - CHAMPHAI,24 - Champhai South(ST),24/18 Ruantlang - I,mizoram_pdfs/AC024PART018.pdf
4 - CHAMPHAI,24 - Champhai South(ST),24/19 Ruantlang - II,mizoram_pdfs/AC024PART019.pdf
4 - CHAMPHAI,24 - Champhai South(ST),24/20 Mualkawi,mizoram_pdfs/AC024PART020.pdf
4 - CHAMPHAI,24 - Champhai South(ST),24/21 Melbuk,mizoram_pdfs/AC024PART021.pdf
4 - CHAMPHAI,24 - Champhai South(ST),24/22 Zokhawthar,mizoram_pdfs/AC024PART022.pdf
4 - CHAMPHAI,24 - Champhai South(ST),24/23 Kelkang,mizoram_pdfs/AC024PART023.pdf
4 - CHAMPHAI,24 - Champhai South(ST),24/24 Dilkawn,mizoram_pdfs/AC024PART024.pdf
4 - CHAMPHAI,24 - Champhai South(ST),24/Summary,mizoram_pdfs/AC024.pdf
4 - CHAMPHAI,25 - East Tuipui(ST),25/1 Buang,mizoram_pdfs/AC025PART001.pdf
4 - CHAMPHAI,25 - East Tuipui(ST),25/2 Hruaikawn,mizoram_pdfs/AC025PART002.pdf
4 - CHAMPHAI,25 - East Tuipui(ST),25/3 New Hruaikawn,mizoram_pdfs/AC025PART003.pdf
4 - CHAMPHAI,25 - East Tuipui(ST),25/4 Bulfekzawl,mizoram_pdfs/AC025PART004.pdf
4 - CHAMPHAI,25 - East Tuipui(ST),25/5 Khuangleng,mizoram_pdfs/AC025PART005.pdf
4 - CHAMPHAI,25 - East Tuipui(ST),25/6 Zawngtetui,mizoram_pdfs/AC025PART006.pdf
4 - CHAMPHAI,25 - East Tuipui(ST),25/7 Bungzung,mizoram_pdfs/AC025PART007.pdf
4 - CHAMPHAI,25 - East Tuipui(ST),25/8 Sesih,mizoram_pdfs/AC025PART008.pdf
4 - CHAMPHAI,25 - East Tuipui(ST),25/9 Leisenzo,mizoram_pdfs/AC025PART009.pdf
4 - CHAMPHAI,25 - East Tuipui(ST),25/10 Lianpui,mizoram_pdfs/AC025PART010.pdf
4 - CHAMPHAI,25 - East Tuipui(ST),25/11 Vanzau,mizoram_pdfs/AC025PART011.pdf
4 - CHAMPHAI,25 - East Tuipui(ST),25/12 Leithum,mizoram_pdfs/AC025PART012.pdf
4 - CHAMPHAI,25 - East Tuipui(ST),25/13 Sazep,mizoram_pdfs/AC025PART013.pdf
4 - CHAMPHAI,25 - East Tuipui(ST),25/14 Vangchhia,mizoram_pdfs/AC025PART014.pdf
4 - CHAMPHAI,25 - East Tuipui(ST),25/15 Vaphai - I,mizoram_pdfs/AC025PART015.pdf
4 - CHAMPHAI,25 - East Tuipui(ST),25/16 Vaphai - II,mizoram_pdfs/AC025PART016.pdf
4 - CHAMPHAI,25 - East Tuipui(ST),25/17 Saikhumphai,mizoram_pdfs/AC025PART017.pdf
4 - CHAMPHAI,25 - East Tuipui(ST),25/18 Samthang,mizoram_pdfs/AC025PART018.pdf
4 - CHAMPHAI,25 - East Tuipui(ST),25/19 Dungtlang,mizoram_pdfs/AC025PART019.pdf
4 - CHAMPHAI,25 - East Tuipui(ST),25/20 Khawbung- I,mizoram_pdfs/AC025PART020.pdf
4 - CHAMPHAI,25 - East Tuipui(ST),25/21 Khawbung - II,mizoram_pdfs/AC025PART021.pdf
4 - CHAMPHAI,25 - East Tuipui(ST),25/22 Zawlsei,mizoram_pdfs/AC025PART022.pdf
4 - CHAMPHAI,25 - East Tuipui(ST),25/23 Chawngtui 'E',mizoram_pdfs/AC025PART023.pdf
4 - CHAMPHAI,25 - East Tuipui(ST),25/24 Khuangthing,mizoram_pdfs/AC025PART024.pdf
4 - CHAMPHAI,25 - East Tuipui(ST),25/25 Thekpui,mizoram_pdfs/AC025PART025.pdf
4 - CHAMPHAI,25 - East Tuipui(ST),25/26 Thekte,mizoram_pdfs/AC025PART026.pdf
4 - CHAMPHAI,25 - East Tuipui(ST),25/27 Khankawn,mizoram_pdfs/AC025PART027.pdf
4 - CHAMPHAI,25 - East Tuipui(ST),25/28 Farkawn - I,mizoram_pdfs/AC025PART028.pdf
4 - CHAMPHAI,25 - East Tuipui(ST),25/29 Farkawn - II,mizoram_pdfs/AC025PART029.pdf
4 - CHAMPHAI,25 - East Tuipui(ST),25/Summary,mizoram_pdfs/AC025.pdf
5 - SERCHHIP,26 - Serchhip(ST),26/1 Thenzawl - I,mizoram_pdfs/AC026PART001.pdf
5 - SERCHHIP,26 - Serchhip(ST),26/2 Thenzawl - II,mizoram_pdfs/AC026PART002.pdf
5 - SERCHHIP,26 - Serchhip(ST),26/3 Thenzawl - III,mizoram_pdfs/AC026PART003.pdf
5 - SERCHHIP,26 - Serchhip(ST),26/4 Thenzawl - IV,mizoram_pdfs/AC026PART004.pdf
5 - SERCHHIP,26 - Serchhip(ST),26/5 Thenzawl -V,mizoram_pdfs/AC026PART005.pdf
5 - SERCHHIP,26 - Serchhip(ST),26/6 Thenzawl -V,mizoram_pdfs/AC026PART006.pdf
5 - SERCHHIP,26 - Serchhip(ST),26/7 Serchhip - I,mizoram_pdfs/AC026PART007.pdf
5 - SERCHHIP,26 - Serchhip(ST),26/8 Serchhip - II,mizoram_pdfs/AC026PART008.pdf
5 - SERCHHIP,26 - Serchhip(ST),26/9 Serchhip - III,mizoram_pdfs/AC026PART009.pdf
5 - SERCHHIP,26 - Serchhip(ST),26/10  Serchhip - IV,mizoram_pdfs/AC026PART010.pdf
5 - SERCHHIP,26 - Serchhip(ST),26/11 Serchhip - V,mizoram_pdfs/AC026PART011.pdf
5 - SERCHHIP,26 - Serchhip(ST),26/12 Serchhip - VI,mizoram_pdfs/AC026PART012.pdf
5 - SERCHHIP,26 - Serchhip(ST),26/13 Serchhip - VII,mizoram_pdfs/AC026PART013.pdf
5 - SERCHHIP,26 - Serchhip(ST),26/14 Serchhip - VIII,mizoram_pdfs/AC026PART014.pdf
5 - SERCHHIP,26 - Serchhip(ST),26/15 Sechhip - IX,mizoram_pdfs/AC026PART015.pdf
5 - SERCHHIP,26 - Serchhip(ST),26/16 Serchhip - X,mizoram_pdfs/AC026PART016.pdf
5 - SERCHHIP,26 - Serchhip(ST),26/17 Serchhip XI,mizoram_pdfs/AC026PART017.pdf
5 - SERCHHIP,26 - Serchhip(ST),27/18 Serchhip - XII,mizoram_pdfs/AC026PART018.pdf
5 - SERCHHIP,26 - Serchhip(ST),26/19 New Serchhip I,mizoram_pdfs/AC026PART019.pdf
5 - SERCHHIP,26 - Serchhip(ST),27/20 New Serchhip II,mizoram_pdfs/AC026PART020.pdf
5 - SERCHHIP,26 - Serchhip(ST),27/21 New Serchhip III,mizoram_pdfs/AC026PART021.pdf
5 - SERCHHIP,26 - Serchhip(ST),27/22 Buangpui,mizoram_pdfs/AC026PART022.pdf
5 - SERCHHIP,26 - Serchhip(ST),27/23 Neihloh,mizoram_pdfs/AC026PART023.pdf
5 - SERCHHIP,26 - Serchhip(ST),26/Summary,mizoram_pdfs/AC026.pdf
5 - SERCHHIP,27 - Tuikum(ST),27/1 Darlawng,mizoram_pdfs/AC027PART001.pdf
5 - SERCHHIP,27 - Tuikum(ST),27/2 Tlungvel - I,mizoram_pdfs/AC027PART002.pdf
5 - SERCHHIP,27 - Tuikum(ST),27/3 Tlungvel - II,mizoram_pdfs/AC027PART003.pdf
5 - SERCHHIP,27 - Tuikum(ST),27/4 Phulmawi,mizoram_pdfs/AC027PART004.pdf
5 - SERCHHIP,27 - Tuikum(ST),27/5 Khumtung,mizoram_pdfs/AC027PART005.pdf
5 - SERCHHIP,27 - Tuikum(ST),27/6 Baktawng - I,mizoram_pdfs/AC027PART006.pdf
5 - SERCHHIP,27 - Tuikum(ST),27/7 Baktawng - II,mizoram_pdfs/AC027PART007.pdf
5 - SERCHHIP,27 - Tuikum(ST),27/8 Baktawng - III,mizoram_pdfs/AC027PART008.pdf
5 - SERCHHIP,27 - Tuikum(ST),27/9 Hualtu,mizoram_pdfs/AC027PART009.pdf
5 - SERCHHIP,27 - Tuikum(ST),27/10 Buhkangkawn,mizoram_pdfs/AC027PART010.pdf
5 - SERCHHIP,27 - Tuikum(ST),27/11 Hmawngkawn,mizoram_pdfs/AC027PART011.pdf
5 - SERCHHIP,27 - Tuikum(ST),27/12 Hmuntha,mizoram_pdfs/AC027PART012.pdf
5 - SERCHHIP,27 - Tuikum(ST),27/13 Chhingchhip - I,mizoram_pdfs/AC027PART013.pdf
5 - SERCHHIP,27 - Tuikum(ST),27/14 Chhingchhip - II,mizoram_pdfs/AC027PART014.pdf
5 - SERCHHIP,27 - Tuikum(ST),27/15  Chhinpchhip - III,mizoram_pdfs/AC027PART015.pdf
5 - SERCHHIP,27 - Tuikum(ST),27/16 Chhingchhip - IV,mizoram_pdfs/AC027PART016.pdf
5 - SERCHHIP,27 - Tuikum(ST),27/17 Khawbel,mizoram_pdfs/AC027PART017.pdf
5 - SERCHHIP,27 - Tuikum(ST),27/18 Rullam,mizoram_pdfs/AC027PART018.pdf
5 - SERCHHIP,27 - Tuikum(ST),27/19 Thentlang,mizoram_pdfs/AC027PART019.pdf
5 - SERCHHIP,27 - Tuikum(ST),27/20 Chhiahtlang - I,mizoram_pdfs/AC027PART020.pdf
5 - SERCHHIP,27 - Tuikum(ST),27/21 Chhiahtlang - II,mizoram_pdfs/AC027PART021.pdf
5 - SERCHHIP,27 - Tuikum(ST),27/22 Chhiahtlang - III,mizoram_pdfs/AC027PART022.pdf
5 - SERCHHIP,27 - Tuikum(ST),27/23 Chhiahtlang - IV,mizoram_pdfs/AC027PART023.pdf
5 - SERCHHIP,27 - Tuikum(ST),27/24 Chhiahtlang - V,mizoram_pdfs/AC027PART024.pdf
5 - SERCHHIP,27 - Tuikum(ST),27/25 Lungpho,mizoram_pdfs/AC027PART025.pdf
5 - SERCHHIP,27 - Tuikum(ST),27/26 Ngentiang,mizoram_pdfs/AC027PART026.pdf
5 - SERCHHIP,27 - Tuikum(ST),27/27 Sialhau,mizoram_pdfs/AC027PART027.pdf
5 - SERCHHIP,27 - Tuikum(ST),27/28 Vanchengte,mizoram_pdfs/AC027PART028.pdf
5 - SERCHHIP,27 - Tuikum(ST),27/29 Thinglian,mizoram_pdfs/AC027PART029.pdf
5 - SERCHHIP,27 - Tuikum(ST),27/Summary,mizoram_pdfs/AC027.pdf
5 - SERCHHIP,28 - Hrangturzo(ST),28/1 Hriangtlang,mizoram_pdfs/AC028PART001.pdf
5 - SERCHHIP,28 - Hrangturzo(ST),28/2 Hmunzawl,mizoram_pdfs/AC028PART002.pdf
5 - SERCHHIP,28 - Hrangturzo(ST),28/3 Biate - I,mizoram_pdfs/AC028PART003.pdf
5 - SERCHHIP,28 - Hrangturzo(ST),28/4 Biate - II,mizoram_pdfs/AC028PART004.pdf
5 - SERCHHIP,28 - Hrangturzo(ST),28/5 Piler,mizoram_pdfs/AC028PART005.pdf
5 - SERCHHIP,28 - Hrangturzo(ST),28/6 Keitum - I,mizoram_pdfs/AC028PART006.pdf
5 - SERCHHIP,28 - Hrangturzo(ST),28/7 Keitum - II,mizoram_pdfs/AC028PART007.pdf
5 - SERCHHIP,28 - Hrangturzo(ST),28/8 Khawlailung - I,mizoram_pdfs/AC028PART008.pdf
5 - SERCHHIP,28 - Hrangturzo(ST),28/9 Khawlailung - II,mizoram_pdfs/AC028PART009.pdf
5 - SERCHHIP,28 - Hrangturzo(ST),28/10 East Lungdar - I,mizoram_pdfs/AC028PART010.pdf
5 - SERCHHIP,28 - Hrangturzo(ST),28/11 East Lungdar - II,mizoram_pdfs/AC028PART011.pdf
5 - SERCHHIP,28 - Hrangturzo(ST),28/12 East Lungdar - III,mizoram_pdfs/AC028PART012.pdf
5 - SERCHHIP,28 - Hrangturzo(ST),28/13 Chekawn,mizoram_pdfs/AC028PART013.pdf
5 - SERCHHIP,28 - Hrangturzo(ST),28/14 Bungtlang - I,mizoram_pdfs/AC028PART014.pdf
5 - SERCHHIP,28 - Hrangturzo(ST),28/15 Bungtlang - II,mizoram_pdfs/AC028PART015.pdf
5 - SERCHHIP,28 - Hrangturzo(ST),28/16 Sialsir,mizoram_pdfs/AC028PART016.pdf
5 - SERCHHIP,28 - Hrangturzo(ST),28/17 Mualcheng,mizoram_pdfs/AC028PART017.pdf
5 - SERCHHIP,28 - Hrangturzo(ST),28/18 Leng,mizoram_pdfs/AC028PART018.pdf
5 - SERCHHIP,28 - Hrangturzo(ST),28/19 Lungchhuan,mizoram_pdfs/AC028PART019.pdf
5 - SERCHHIP,28 - Hrangturzo(ST),28/20 Bawktlang,mizoram_pdfs/AC028PART020.pdf
5 - SERCHHIP,28 - Hrangturzo(ST),28/21 Sailulak,mizoram_pdfs/AC028PART021.pdf
5 - SERCHHIP,28 - Hrangturzo(ST),28/22 N. Vanlaiphai - I,mizoram_pdfs/AC028PART022.pdf
5 - SERCHHIP,28 - Hrangturzo(ST),28/23 N. Vanlaiphai - II,mizoram_pdfs/AC028PART023.pdf
5 - SERCHHIP,28 - Hrangturzo(ST),28/24 N. Vanlaiphai - III,mizoram_pdfs/AC028PART024.pdf
5 - SERCHHIP,28 - Hrangturzo(ST),28/25 Lungkawlh,mizoram_pdfs/AC028PART025.pdf
5 - SERCHHIP,28 - Hrangturzo(ST),28/Summary,mizoram_pdfs/AC028.pdf
6 - LUNGLEI,29 - South Tuipui(ST),29/1 Chawngtui 'S',mizoram_pdfs/AC029PART001.pdf
6 - LUNGLEI,29 - South Tuipui(ST),29/2 Tarpho,mizoram_pdfs/AC029PART002.pdf
6 - LUNGLEI,29 - South Tuipui(ST),29/3 Cherhlun - I,mizoram_pdfs/AC029PART003.pdf
6 - LUNGLEI,29 - South Tuipui(ST),29/4 Cherhlun - II,mizoram_pdfs/AC029PART004.pdf
6 - LUNGLEI,29 - South Tuipui(ST),29/5 Aithur,mizoram_pdfs/AC029PART005.pdf
6 - LUNGLEI,29 - South Tuipui(ST),29/6 Hnahthial - I,mizoram_pdfs/AC029PART006.pdf
6 - LUNGLEI,29 - South Tuipui(ST),29/7 Hnahthial - II,mizoram_pdfs/AC029PART007.pdf
6 - LUNGLEI,29 - South Tuipui(ST),29/8 Hnahthial - III,mizoram_pdfs/AC029PART008.pdf
6 - LUNGLEI,29 - South Tuipui(ST),29/9 Hnahthial - IV,mizoram_pdfs/AC029PART009.pdf
6 - LUNGLEI,29 - South Tuipui(ST),29/10 Hnahthial - V,mizoram_pdfs/AC029PART010.pdf
6 - LUNGLEI,29 - South Tuipui(ST),29/11 Hnahthial - VI,mizoram_pdfs/AC029PART011.pdf
6 - LUNGLEI,29 - South Tuipui(ST),29/12 New Ngharchhip,mizoram_pdfs/AC029PART012.pdf
6 - LUNGLEI,29 - South Tuipui(ST),29/13 Tuipui - D,mizoram_pdfs/AC029PART013.pdf
6 - LUNGLEI,29 - South Tuipui(ST),29/14 Thingsai - I,mizoram_pdfs/AC029PART014.pdf
6 - LUNGLEI,29 - South Tuipui(ST),29/15 Thingsai - II,mizoram_pdfs/AC029PART015.pdf
6 - LUNGLEI,29 - South Tuipui(ST),29/16 Lungleng 'S',mizoram_pdfs/AC029PART016.pdf
6 - LUNGLEI,29 - South Tuipui(ST),29/17 Darzo,mizoram_pdfs/AC029PART017.pdf
6 - LUNGLEI,29 - South Tuipui(ST),29/18 Muallianpui,mizoram_pdfs/AC029PART018.pdf
6 - LUNGLEI,29 - South Tuipui(ST),29/19 S. Vanlaiphai - I,mizoram_pdfs/AC029PART019.pdf
6 - LUNGLEI,29 - South Tuipui(ST),29/20 S. Vanlaiphai - II,mizoram_pdfs/AC029PART020.pdf
6 - LUNGLEI,29 - South Tuipui(ST),29/21 Lungpuitlang,mizoram_pdfs/AC029PART021.pdf
6 - LUNGLEI,29 - South Tuipui(ST),29/22 Bualpui 'H',mizoram_pdfs/AC029PART022.pdf
6 - LUNGLEI,29 - South Tuipui(ST),29/23 Khawhri,mizoram_pdfs/AC029PART023.pdf
6 - LUNGLEI,29 - South Tuipui(ST),29/24 Ngharchhip,mizoram_pdfs/AC029PART024.pdf
6 - LUNGLEI,29 - South Tuipui(ST),29/Summary,mizoram_pdfs/AC029.pdf
6 - LUNGLEI,30 - Lunglei North(ST),30/1 Kanghmun 'S',mizoram_pdfs/AC030PART001.pdf
6 - LUNGLEI,30 - Lunglei North(ST),30/2 Zote 'S',mizoram_pdfs/AC030PART002.pdf
6 - LUNGLEI,30 - Lunglei North(ST),30/3 Ramlaitui,mizoram_pdfs/AC030PART003.pdf
6 - LUNGLEI,30 - Lunglei North(ST),30/4 Chhipphir,mizoram_pdfs/AC030PART004.pdf
6 - LUNGLEI,30 - Lunglei North(ST),30/5 Sekhum,mizoram_pdfs/AC030PART005.pdf
6 - LUNGLEI,30 - Lunglei North(ST),30/6 Bualpui ' V',mizoram_pdfs/AC030PART006.pdf
6 - LUNGLEI,30 - Lunglei North(ST),30/7 Mualthuam 'N' - I,mizoram_pdfs/AC030PART007.pdf
6 - LUNGLEI,30 - Lunglei North(ST),30/8 Mualthuam 'N' - II,mizoram_pdfs/AC030PART008.pdf
6 - LUNGLEI,30 - Lunglei North(ST),30/9 Rawpui,mizoram_pdfs/AC030PART009.pdf
6 - LUNGLEI,30 - Lunglei North(ST),30/10 Lungmawi,mizoram_pdfs/AC030PART010.pdf
6 - LUNGLEI,30 - Lunglei North(ST),30/11 Haulawng - I,mizoram_pdfs/AC030PART011.pdf
6 - LUNGLEI,30 - Lunglei North(ST),30/12 Haulawng - II,mizoram_pdfs/AC030PART012.pdf
6 - LUNGLEI,30 - Lunglei North(ST),30/13 Hmuntlang,mizoram_pdfs/AC030PART013.pdf
6 - LUNGLEI,30 - Lunglei North(ST),30/14 Mausen,mizoram_pdfs/AC030PART014.pdf
6 - LUNGLEI,30 - Lunglei North(ST),30/15 Zotuitlang,mizoram_pdfs/AC030PART015.pdf
6 - LUNGLEI,30 - Lunglei North(ST),30/16 Pukpui - I,mizoram_pdfs/AC030PART016.pdf
6 - LUNGLEI,30 - Lunglei North(ST),30/17 Pukpui - II,mizoram_pdfs/AC030PART017.pdf
6 - LUNGLEI,30 - Lunglei North(ST),30/18 Zotlang - I,mizoram_pdfs/AC030PART018.pdf
6 - LUNGLEI,30 - Lunglei North(ST),30/19 Zotlang - II,mizoram_pdfs/AC030PART019.pdf
6 - LUNGLEI,30 - Lunglei North(ST),30/20 Serkawn - I,mizoram_pdfs/AC030PART020.pdf
6 - LUNGLEI,30 - Lunglei North(ST),30/21 Serkawn - II,mizoram_pdfs/AC030PART021.pdf
6 - LUNGLEI,30 - Lunglei North(ST),30/22 Zohnuai,mizoram_pdfs/AC030PART022.pdf
6 - LUNGLEI,30 - Lunglei North(ST),30/23 Chengpui,mizoram_pdfs/AC030PART023.pdf
6 - LUNGLEI,30 - Lunglei North(ST),30/24 Phaileng 'S',mizoram_pdfs/AC030PART024.pdf
6 - LUNGLEI,30 - Lunglei North(ST),30/25 Pangzawl - I,mizoram_pdfs/AC030PART025.pdf
6 - LUNGLEI,30 - Lunglei North(ST),30/26 Pangzawl - II,mizoram_pdfs/AC030PART026.pdf
6 - LUNGLEI,30 - Lunglei North(ST),30/27 Thiltlang,mizoram_pdfs/AC030PART027.pdf
6 - LUNGLEI,30 - Lunglei North(ST),30/Summary,mizoram_pdfs/AC030.pdf
6 - LUNGLEI,31 - Lunglei East(ST),31/1 Electric Veng - I,mizoram_pdfs/AC031PART001.pdf
6 - LUNGLEI,31 - Lunglei East(ST),31/2 Electric Veng - II,mizoram_pdfs/AC031PART002.pdf
6 - LUNGLEI,31 - Lunglei East(ST),31/3 Ralvawng,mizoram_pdfs/AC031PART003.pdf
6 - LUNGLEI,31 - Lunglei East(ST),31/4 Chanmari I,mizoram_pdfs/AC031PART004.pdf
6 - LUNGLEI,31 - Lunglei East(ST),31/5 Chanmari - II,mizoram_pdfs/AC031PART005.pdf
6 - LUNGLEI,31 - Lunglei East(ST),31/6 Chanmari - III,mizoram_pdfs/AC031PART006.pdf
6 - LUNGLEI,31 - Lunglei East(ST),31/7 Leite,mizoram_pdfs/AC031PART007.pdf
6 - LUNGLEI,31 - Lunglei East(ST),31/8 Farm Veng - I,mizoram_pdfs/AC031PART008.pdf
6 - LUNGLEI,31 - Lunglei East(ST),31/9 Farm Veng - II,mizoram_pdfs/AC031PART009.pdf
6 - LUNGLEI,31 - Lunglei East(ST),31/10 Rotlang 'E',mizoram_pdfs/AC031PART010.pdf
6 - LUNGLEI,31 - Lunglei East(ST),31/11 Ramthar - I,mizoram_pdfs/AC031PART011.pdf
6 - LUNGLEI,31 - Lunglei East(ST),31/12 Ramthar - II,mizoram_pdfs/AC031PART012.pdf
6 - LUNGLEI,31 - Lunglei East(ST),31/13 Ramthar - III,mizoram_pdfs/AC031PART013.pdf
6 - LUNGLEI,31 - Lunglei East(ST),31/14  Dawn,mizoram_pdfs/AC031PART014.pdf
6 - LUNGLEI,31 - Lunglei East(ST),31/15 Lungpuizawl,mizoram_pdfs/AC031PART015.pdf
6 - LUNGLEI,31 - Lunglei East(ST),31/16 Zobawk - I,mizoram_pdfs/AC031PART016.pdf
6 - LUNGLEI,31 - Lunglei East(ST),31/17 Zobawk - II,mizoram_pdfs/AC031PART017.pdf
6 - LUNGLEI,31 - Lunglei East(ST),31/18 Zobawk - III,mizoram_pdfs/AC031PART018.pdf
6 - LUNGLEI,31 - Lunglei East(ST),31/19 Hlumte,mizoram_pdfs/AC031PART019.pdf
6 - LUNGLEI,31 - Lunglei East(ST),31/20 Electric Veng III,mizoram_pdfs/AC031PART020.pdf
6 - LUNGLEI,31 - Lunglei East(ST),31/Summary,mizoram_pdfs/AC031.pdf
6 - LUNGLEI,32 - Lunglei West(ST),32/1 West Bungtlang,mizoram_pdfs/AC032PART001.pdf
6 - LUNGLEI,32 - Lunglei West(ST),32/2 Buarpui,mizoram_pdfs/AC032PART002.pdf
6 - LUNGLEI,32 - Lunglei West(ST),32/3 Kawlhawk,mizoram_pdfs/AC032PART003.pdf
6 - LUNGLEI,32 - Lunglei West(ST),32/4 Sertlangpui,mizoram_pdfs/AC032PART004.pdf
6 - LUNGLEI,32 - Lunglei West(ST),32/5 Serte,mizoram_pdfs/AC032PART005.pdf
6 - LUNGLEI,32 - Lunglei West(ST),32/6 Lungdai 'S',mizoram_pdfs/AC032PART006.pdf
6 - LUNGLEI,32 - Lunglei West(ST),32/7 Thuampui,mizoram_pdfs/AC032PART007.pdf
6 - LUNGLEI,32 - Lunglei West(ST),32/8 Vanhne,mizoram_pdfs/AC032PART008.pdf
6 - LUNGLEI,32 - Lunglei West(ST),32/9 Hauruang,mizoram_pdfs/AC032PART009.pdf
6 - LUNGLEI,32 - Lunglei West(ST),32/10 Rahsi Veng - I,mizoram_pdfs/AC032PART010.pdf
6 - LUNGLEI,32 - Lunglei West(ST),32/11 Rahsi Veng - II,mizoram_pdfs/AC032PART011.pdf
6 - LUNGLEI,32 - Lunglei West(ST),32/12 Rahsi Veng - III,mizoram_pdfs/AC032PART012.pdf
6 - LUNGLEI,32 - Lunglei West(ST),32/13 Venghlun,mizoram_pdfs/AC032PART013.pdf
6 - LUNGLEI,32 - Lunglei West(ST),32/14 Venglai - I,mizoram_pdfs/AC032PART014.pdf
6 - LUNGLEI,32 - Lunglei West(ST),32/15 Venglai - II,mizoram_pdfs/AC032PART015.pdf
6 - LUNGLEI,32 - Lunglei West(ST),32/16 College Veng,mizoram_pdfs/AC032PART016.pdf
6 - LUNGLEI,32 - Lunglei West(ST),32/17 Bazar - I,mizoram_pdfs/AC032PART017.pdf
6 - LUNGLEI,32 - Lunglei West(ST),32/18 Bazar - II,mizoram_pdfs/AC032PART018.pdf
6 - LUNGLEI,32 - Lunglei West(ST),32/19 Sazaikawn,mizoram_pdfs/AC032PART019.pdf
6 - LUNGLEI,32 - Lunglei West(ST),32/20 Venghlun II,mizoram_pdfs/AC032PART020.pdf
6 - LUNGLEI,32 - Lunglei West(ST),32/21 Bazar III,mizoram_pdfs/AC032PART021.pdf
6 - LUNGLEI,32 - Lunglei West(ST),32/Summary,mizoram_pdfs/AC032.pdf
6 - LUNGLEI,33 - Lunglei South(ST),33/1 Runtung,mizoram_pdfs/AC033PART001.pdf
6 - LUNGLEI,33 - Lunglei South(ST),33/2 Samlem,mizoram_pdfs/AC033PART002.pdf
6 - LUNGLEI,33 - Lunglei South(ST),33/3 Lunglawn - I,mizoram_pdfs/AC033PART003.pdf
6 - LUNGLEI,33 - Lunglei South(ST),33/4 Lunglawn - II,mizoram_pdfs/AC033PART004.pdf
6 - LUNGLEI,33 - Lunglei South(ST),33/5 Sethlun,mizoram_pdfs/AC033PART005.pdf
6 - LUNGLEI,33 - Lunglei South(ST),33/6 Theiriat - I,mizoram_pdfs/AC033PART006.pdf
6 - LUNGLEI,33 - Lunglei South(ST),33/7 Theiriat - II,mizoram_pdfs/AC033PART007.pdf
6 - LUNGLEI,33 - Lunglei South(ST),33/8 Luangmual,mizoram_pdfs/AC033PART008.pdf
6 - LUNGLEI,33 - Lunglei South(ST),33/9 Hrangchalkawn,mizoram_pdfs/AC033PART009.pdf
6 - LUNGLEI,33 - Lunglei South(ST),33/10 Thaizawl,mizoram_pdfs/AC033PART010.pdf
6 - LUNGLEI,33 - Lunglei South(ST),33/11 Sairep,mizoram_pdfs/AC033PART011.pdf
6 - LUNGLEI,33 - Lunglei South(ST),33/12 Thangte,mizoram_pdfs/AC033PART012.pdf
6 - LUNGLEI,33 - Lunglei South(ST),33/13 Chithar,mizoram_pdfs/AC033PART013.pdf
6 - LUNGLEI,33 - Lunglei South(ST),33/14 Zehtet,mizoram_pdfs/AC033PART014.pdf
6 - LUNGLEI,33 - Lunglei South(ST),33/15 Vaisam,mizoram_pdfs/AC033PART015.pdf
6 - LUNGLEI,33 - Lunglei South(ST),33/16 Buknuam,mizoram_pdfs/AC033PART016.pdf
6 - LUNGLEI,33 - Lunglei South(ST),33/17 Lungrang S,mizoram_pdfs/AC033PART017.pdf
6 - LUNGLEI,33 - Lunglei South(ST),33/18Chawngte L,mizoram_pdfs/AC033PART018.pdf
6 - LUNGLEI,33 - Lunglei South(ST),33/19 Rualalung,mizoram_pdfs/AC033PART019.pdf
6 - LUNGLEI,33 - Lunglei South(ST),33/20 Hmunthar,mizoram_pdfs/AC033PART020.pdf
6 - LUNGLEI,33 - Lunglei South(ST),33/21 Khawmawi,mizoram_pdfs/AC033PART021.pdf
6 - LUNGLEI,33 - Lunglei South(ST),33/22 Mautlang,mizoram_pdfs/AC033PART022.pdf
6 - LUNGLEI,33 - Lunglei South(ST),33/23 Tawipui 'S' - I,mizoram_pdfs/AC033PART023.pdf
6 - LUNGLEI,33 - Lunglei South(ST),33/24 Tawipui 'S' - II,mizoram_pdfs/AC033PART024.pdf
6 - LUNGLEI,33 - Lunglei South(ST),33/25 Sailen,mizoram_pdfs/AC033PART025.pdf
6 - LUNGLEI,33 - Lunglei South(ST),33/26 Mualcheng 'S',mizoram_pdfs/AC033PART026.pdf
6 - LUNGLEI,33 - Lunglei South(ST),33/27 Tawpui N - I,mizoram_pdfs/AC033PART027.pdf
6 - LUNGLEI,33 - Lunglei South(ST),33/28 Tawpui N - II,mizoram_pdfs/AC033PART028.pdf
6 - LUNGLEI,33 - Lunglei South(ST),33/29 Mualthuam 'S',mizoram_pdfs/AC033PART029.pdf
6 - LUNGLEI,33 - Lunglei South(ST),33/30 Thualthu,mizoram_pdfs/AC033PART030.pdf
6 - LUNGLEI,33 - Lunglei South(ST),33/31 Thlengang,mizoram_pdfs/AC033PART031.pdf
6 - LUNGLEI,33 - Lunglei South(ST),33/32 Thingfal - I,mizoram_pdfs/AC033PART032.pdf
6 - LUNGLEI,33 - Lunglei South(ST),33/33 Thingfal - II,mizoram_pdfs/AC033PART033.pdf
6 - LUNGLEI,33 - Lunglei South(ST),33/34 Mamte,mizoram_pdfs/AC033PART034.pdf
6 - LUNGLEI,33 - Lunglei South(ST),33/35 Lalnutui,mizoram_pdfs/AC033PART035.pdf
6 - LUNGLEI,33 - Lunglei South(ST),33/Summary,mizoram_pdfs/AC033.pdf
6 - LUNGLEI,34 - Thorang(ST),34/1 Mauzam,mizoram_pdfs/AC034PART001.pdf
6 - LUNGLEI,34 - Thorang(ST),34/2 Terabonia,mizoram_pdfs/AC034PART002.pdf
6 - LUNGLEI,34 - Thorang(ST),34/3 Marpara S - I,mizoram_pdfs/AC034PART003.pdf
6 - LUNGLEI,34 - Thorang(ST),34/4 Marpara S - II,mizoram_pdfs/AC034PART004.pdf
6 - LUNGLEI,34 - Thorang(ST),34/5 Darngawn 'W',mizoram_pdfs/AC034PART005.pdf
6 - LUNGLEI,34 - Thorang(ST),34/6 Dengsur,mizoram_pdfs/AC034PART006.pdf
6 - LUNGLEI,34 - Thorang(ST),34/7 New Khawlek,mizoram_pdfs/AC034PART007.pdf
6 - LUNGLEI,34 - Thorang(ST),34/8 Dampui,mizoram_pdfs/AC034PART008.pdf
6 - LUNGLEI,34 - Thorang(ST),34/9 Laisawral,mizoram_pdfs/AC034PART009.pdf
6 - LUNGLEI,34 - Thorang(ST),34/10 Kawnpui 'W',mizoram_pdfs/AC034PART010.pdf
6 - LUNGLEI,34 - Thorang(ST),34/11 Sesawm,mizoram_pdfs/AC034PART011.pdf
6 - LUNGLEI,34 - Thorang(ST),34/12 Thenhlum,mizoram_pdfs/AC034PART012.pdf
6 - LUNGLEI,34 - Thorang(ST),34/13 Sachan,mizoram_pdfs/AC034PART013.pdf
6 - LUNGLEI,34 - Thorang(ST),34/14 Changpui,mizoram_pdfs/AC034PART014.pdf
6 - LUNGLEI,34 - Thorang(ST),34/15 Lungchem,mizoram_pdfs/AC034PART015.pdf
6 - LUNGLEI,34 - Thorang(ST),34/16 Bunghmun,mizoram_pdfs/AC034PART016.pdf
6 - LUNGLEI,34 - Thorang(ST),34/17 Sumasumi,mizoram_pdfs/AC034PART017.pdf
6 - LUNGLEI,34 - Thorang(ST),34/18 Tuikawi,mizoram_pdfs/AC034PART018.pdf
6 - LUNGLEI,34 - Thorang(ST),34/19 Tuisenchhuah,mizoram_pdfs/AC034PART019.pdf
6 - LUNGLEI,34 - Thorang(ST),34/20 Zawlpui,mizoram_pdfs/AC034PART020.pdf
6 - LUNGLEI,34 - Thorang(ST),34/21 Putlungasih,mizoram_pdfs/AC034PART021.pdf
6 - LUNGLEI,34 - Thorang(ST),34/22 Phairuangchhuah,mizoram_pdfs/AC034PART022.pdf
6 - LUNGLEI,34 - Thorang(ST),34/23 Rolui,mizoram_pdfs/AC034PART023.pdf
6 - LUNGLEI,34 - Thorang(ST),34/24 Lungsen - I,mizoram_pdfs/AC034PART024.pdf
6 - LUNGLEI,34 - Thorang(ST),34/25 Lungsen - II,mizoram_pdfs/AC034PART025.pdf
6 - LUNGLEI,34 - Thorang(ST),34/26 Thehlep,mizoram_pdfs/AC034PART026.pdf
6 - LUNGLEI,34 - Thorang(ST),34/27 Belthei,mizoram_pdfs/AC034PART027.pdf
6 - LUNGLEI,34 - Thorang(ST),34/28 Chhumkhum,mizoram_pdfs/AC034PART028.pdf
6 - LUNGLEI,34 - Thorang(ST),34/29 Rangte,mizoram_pdfs/AC034PART029.pdf
6 - LUNGLEI,34 - Thorang(ST),34/30 Phairuangkai,mizoram_pdfs/AC034PART030.pdf
6 - LUNGLEI,34 - Thorang(ST),34/31Rotlang W,mizoram_pdfs/AC034PART031.pdf
6 - LUNGLEI,34 - Thorang(ST),34/32 New Sachan,mizoram_pdfs/AC034PART032.pdf
6 - LUNGLEI,34 - Thorang(ST),34/33 Khawlek S,mizoram_pdfs/AC034PART033.pdf
6 - LUNGLEI,34 - Thorang(ST),34/34 Undermanik,mizoram_pdfs/AC034PART034.pdf
6 - LUNGLEI,34 - Thorang(ST),34/Summary,mizoram_pdfs/AC034.pdf
6 - LUNGLEI,34 - Thorang(ST),34/Service Voters,mizoram_pdfs/AC034SERVICEVOTERS.pdf
6 - LUNGLEI,35 - West Tuipui(ST),35/1 Devasora,mizoram_pdfs/AC035PART001.pdf
6 - LUNGLEI,35 - West Tuipui(ST),35/2 Bandiasora,mizoram_pdfs/AC035PART002.pdf
6 - LUNGLEI,35 - West Tuipui(ST),35/3 Luihausa (Malsuri),mizoram_pdfs/AC035PART003.pdf
6 - LUNGLEI,35 - West Tuipui(ST),35/4 Puankhai,mizoram_pdfs/AC035PART004.pdf
6 - LUNGLEI,35 - West Tuipui(ST),35/5 Kalapani,mizoram_pdfs/AC035PART005.pdf
6 - LUNGLEI,35 - West Tuipui(ST),35/6 Chengkawllui(Samuksuri),mizoram_pdfs/AC035PART006.pdf
6 - LUNGLEI,35 - West Tuipui(ST),35/7 Lamthai,mizoram_pdfs/AC035PART007.pdf
6 - LUNGLEI,35 - West Tuipui(ST),35/8 Nunsuri,mizoram_pdfs/AC035PART008.pdf
6 - LUNGLEI,35 - West Tuipui(ST),35/9 Kawizau(Diblibagh),mizoram_pdfs/AC035PART009.pdf
6 - LUNGLEI,35 - West Tuipui(ST),35/10 Belpei(Matisora),mizoram_pdfs/AC035PART010.pdf
6 - LUNGLEI,35 - West Tuipui(ST),35/11 Tuichawng - I,mizoram_pdfs/AC035PART011.pdf
6 - LUNGLEI,35 - West Tuipui(ST),35/12 Tuichawng - I,mizoram_pdfs/AC035PART012.pdf
6 - LUNGLEI,35 - West Tuipui(ST),35/13 Tlabung - I,mizoram_pdfs/AC035PART013.pdf
6 - LUNGLEI,35 - West Tuipui(ST),35/14 Tlabung - II,mizoram_pdfs/AC035PART014.pdf
6 - LUNGLEI,35 - West Tuipui(ST),35/15 Tlabung - III,mizoram_pdfs/AC035PART015.pdf
6 - LUNGLEI,35 - West Tuipui(ST),35/16 Silkur,mizoram_pdfs/AC035PART016.pdf
6 - LUNGLEI,35 - West Tuipui(ST),35/17 Tiperaghat,mizoram_pdfs/AC035PART017.pdf
6 - LUNGLEI,35 - West Tuipui(ST),35/18 Khojoisuri,mizoram_pdfs/AC035PART018.pdf
6 - LUNGLEI,35 - West Tuipui(ST),35/19 New Khojoisuri,mizoram_pdfs/AC035PART019.pdf
6 - LUNGLEI,35 - West Tuipui(ST),35/20 Thanzamsora,mizoram_pdfs/AC035PART020.pdf
6 - LUNGLEI,35 - West Tuipui(ST),35/21 Chawilung S,mizoram_pdfs/AC035PART021.pdf
6 - LUNGLEI,35 - West Tuipui(ST),35/22 Ukdasuri,mizoram_pdfs/AC035PART022.pdf
6 - LUNGLEI,35 - West Tuipui(ST),35/23 Zohmun,mizoram_pdfs/AC035PART023.pdf
6 - LUNGLEI,35 - West Tuipui(ST),35/Summary,mizoram_pdfs/AC035.pdf
7 - LAWNGTLAI,36 - Tuichawng(ST),36/1 Kurbalovasora,mizoram_pdfs/AC036PART001.pdf
7 - LAWNGTLAI,36 - Tuichawng(ST),36/2 Ugudasury 'N',mizoram_pdfs/AC036PART002.pdf
7 - LAWNGTLAI,36 - Tuichawng(ST),36/3 Borapansury - I,mizoram_pdfs/AC036PART003.pdf
7 - LAWNGTLAI,36 - Tuichawng(ST),36/4 Borapansury - II,mizoram_pdfs/AC036PART004.pdf
7 - LAWNGTLAI,36 - Tuichawng(ST),36/5 Montola,mizoram_pdfs/AC036PART005.pdf
7 - LAWNGTLAI,36 - Tuichawng(ST),36/6 Ugalsury,mizoram_pdfs/AC036PART006.pdf
7 - LAWNGTLAI,36 - Tuichawng(ST),36/7 Silsury,mizoram_pdfs/AC036PART007.pdf
7 - LAWNGTLAI,36 - Tuichawng(ST),36/8 Saizawh 'W',mizoram_pdfs/AC036PART008.pdf
7 - LAWNGTLAI,36 - Tuichawng(ST),36/9 Kamalanagar - I North,mizoram_pdfs/AC036PART009.pdf
7 - LAWNGTLAI,36 - Tuichawng(ST),36/10 Kamalanagar - I South,mizoram_pdfs/AC036PART010.pdf
7 - LAWNGTLAI,36 - Tuichawng(ST),36/11 Kamalanagar - II North,mizoram_pdfs/AC036PART011.pdf
7 - LAWNGTLAI,36 - Tuichawng(ST),36/12 Kamalanagar - II South,mizoram_pdfs/AC036PART012.pdf
7 - LAWNGTLAI,36 - Tuichawng(ST),36/13 Kalamanagar - III North,mizoram_pdfs/AC036PART013.pdf
7 - LAWNGTLAI,36 - Tuichawng(ST),36/14 Kalamanagar - III South,mizoram_pdfs/AC036PART014.pdf
7 - LAWNGTLAI,36 - Tuichawng(ST),36/15 Kalamanagar - IV,mizoram_pdfs/AC036PART015.pdf
7 - LAWNGTLAI,36 - Tuichawng(ST),36/16 Old Bajeisora,mizoram_pdfs/AC036PART016.pdf
7 - LAWNGTLAI,36 - Tuichawng(ST),36/17 Chhotapansury,mizoram_pdfs/AC036PART017.pdf
7 - LAWNGTLAI,36 - Tuichawng(ST),36/18 Gulsingbapsora,mizoram_pdfs/AC036PART018.pdf
7 - LAWNGTLAI,36 - Tuichawng(ST),36/19 Nakdarasora,mizoram_pdfs/AC036PART019.pdf
7 - LAWNGTLAI,36 - Tuichawng(ST),36/20 Rajmandal,mizoram_pdfs/AC036PART020.pdf
7 - LAWNGTLAI,36 - Tuichawng(ST),36/21 Bajeisora,mizoram_pdfs/AC036PART021.pdf
7 - LAWNGTLAI,36 - Tuichawng(ST),36/22   Udalthanasora - I,mizoram_pdfs/AC036PART022.pdf
7 - LAWNGTLAI,36 - Tuichawng(ST),36//23 Nalbanya,mizoram_pdfs/AC036PART023.pdf
7 - LAWNGTLAI,36 - Tuichawng(ST),36/24 UDdalthanasora - II,mizoram_pdfs/AC036PART024.pdf
7 - LAWNGTLAI,36 - Tuichawng(ST),36/25 Geraguluksora,mizoram_pdfs/AC036PART025.pdf
7 - LAWNGTLAI,36 - Tuichawng(ST),36/26 Serlui,mizoram_pdfs/AC036PART026.pdf
7 - LAWNGTLAI,36 - Tuichawng(ST),36/27 Adubangasora,mizoram_pdfs/AC036PART027.pdf
7 - LAWNGTLAI,36 - Tuichawng(ST),36/28 Mondirasora,mizoram_pdfs/AC036PART028.pdf
7 - LAWNGTLAI,36 - Tuichawng(ST),36/29 Jarulsury,mizoram_pdfs/AC036PART029.pdf
7 - LAWNGTLAI,36 - Tuichawng(ST),36/30 Ulusury,mizoram_pdfs/AC036PART030.pdf
7 - LAWNGTLAI,36 - Tuichawng(ST),36/31 Ugudasury 'S',mizoram_pdfs/AC036PART031.pdf
7 - LAWNGTLAI,36 - Tuichawng(ST),36/32 Kukurduleya,mizoram_pdfs/AC036PART032.pdf
7 - LAWNGTLAI,36 - Tuichawng(ST),36/33 Maniabapsora - I,mizoram_pdfs/AC036PART033.pdf
7 - LAWNGTLAI,36 - Tuichawng(ST),36/34 Borakabakhali,mizoram_pdfs/AC036PART034.pdf
7 - LAWNGTLAI,36 - Tuichawng(ST),36/35 Ajasora,mizoram_pdfs/AC036PART035.pdf
7 - LAWNGTLAI,36 - Tuichawng(ST),36/36 Rengashya,mizoram_pdfs/AC036PART036.pdf
7 - LAWNGTLAI,36 - Tuichawng(ST),36/37 Borkolok,mizoram_pdfs/AC036PART037.pdf
7 - LAWNGTLAI,36 - Tuichawng(ST),36/38 Simeisury,mizoram_pdfs/AC036PART038.pdf
7 - LAWNGTLAI,36 - Tuichawng(ST),36/39 Lawngpuighat,mizoram_pdfs/AC036PART039.pdf
7 - LAWNGTLAI,36 - Tuichawng(ST),36/40 Vaseitlang - I,mizoram_pdfs/AC036PART040.pdf
7 - LAWNGTLAI,36 - Tuichawng(ST),36/41 Futsury,mizoram_pdfs/AC036PART041.pdf
7 - LAWNGTLAI,36 - Tuichawng(ST),36/42 Lukkisury,mizoram_pdfs/AC036PART042.pdf
7 - LAWNGTLAI,36 - Tuichawng(ST),36/43 Gerasury,mizoram_pdfs/AC036PART043.pdf
7 - LAWNGTLAI,36 - Tuichawng(ST),36/44 Charlui,mizoram_pdfs/AC036PART044.pdf
7 - LAWNGTLAI,36 - Tuichawng(ST),36/45 Devasora 'N',mizoram_pdfs/AC036PART045.pdf
7 - LAWNGTLAI,36 - Tuichawng(ST),36/46 Jaruldubasora,mizoram_pdfs/AC036PART046.pdf
7 - LAWNGTLAI,36 - Tuichawng(ST),36/47 Chhotaguisury - I,mizoram_pdfs/AC036PART047.pdf
7 - LAWNGTLAI,36 - Tuichawng(ST),36/48 Damdep - I,mizoram_pdfs/AC036PART048.pdf
7 - LAWNGTLAI,36 - Tuichawng(ST),36/49 Damdep - II,mizoram_pdfs/AC036PART049.pdf
7 - LAWNGTLAI,36 - Tuichawng(ST),36/50 Boraguisury,mizoram_pdfs/AC036PART050.pdf
7 - LAWNGTLAI,36 - Tuichawng(ST),36/51 Bilosora,mizoram_pdfs/AC036PART051.pdf
7 - LAWNGTLAI,36 - Tuichawng(ST),36/52 Fultuli,mizoram_pdfs/AC036PART052.pdf
7 - LAWNGTLAI,36 - Tuichawng(ST),36/53 Silosora,mizoram_pdfs/AC036PART053.pdf
7 - LAWNGTLAI,36 - Tuichawng(ST),36/54 Devasora 'S',mizoram_pdfs/AC036PART054.pdf
7 - LAWNGTLAI,36 - Tuichawng(ST),36/55 Kamtuli,mizoram_pdfs/AC036PART055.pdf
7 - LAWNGTLAI,36 - Tuichawng(ST),36/56 Parva - II,mizoram_pdfs/AC036PART056.pdf
7 - LAWNGTLAI,36 - Tuichawng(ST),36/57 Parva III,mizoram_pdfs/AC036PART057.pdf
7 - LAWNGTLAI,36 - Tuichawng(ST),36/58 Parva - I,mizoram_pdfs/AC036PART058.pdf
7 - LAWNGTLAI,36 - Tuichawng(ST),36/59 Bandukbanga,mizoram_pdfs/AC036PART059.pdf
7 - LAWNGTLAI,36 - Tuichawng(ST),36/Summary,mizoram_pdfs/AC036.pdf
7 - LAWNGTLAI,37 - Lawngtlai West(ST),37/1 Chawngte 'P',mizoram_pdfs/AC037PART001.pdf
7 - LAWNGTLAI,37 - Lawngtlai West(ST),37/2 Sedailui,mizoram_pdfs/AC037PART002.pdf
7 - LAWNGTLAI,37 - Lawngtlai West(ST),37/3  Hmunlai,mizoram_pdfs/AC037PART003.pdf
7 - LAWNGTLAI,37 - Lawngtlai West(ST),37/4 Mualbu 'L',mizoram_pdfs/AC037PART004.pdf
7 - LAWNGTLAI,37 - Lawngtlai West(ST),37/5 Chawngtelui,mizoram_pdfs/AC037PART005.pdf
7 - LAWNGTLAI,37 - Lawngtlai West(ST),37/6 Tuikhurlui,mizoram_pdfs/AC037PART006.pdf
7 - LAWNGTLAI,37 - Lawngtlai West(ST),37/7 Sumsilui,mizoram_pdfs/AC037PART007.pdf
7 - LAWNGTLAI,37 - Lawngtlai West(ST),37/8 Sakeilui - I,mizoram_pdfs/AC037PART008.pdf
7 - LAWNGTLAI,37 - Lawngtlai West(ST),37/9 Sakeilui - II,mizoram_pdfs/AC037PART009.pdf
7 - LAWNGTLAI,37 - Lawngtlai West(ST),37/10 Jognasury,mizoram_pdfs/AC037PART010.pdf
7 - LAWNGTLAI,37 - Lawngtlai West(ST),37/11 Diltlang 'S',mizoram_pdfs/AC037PART011.pdf
7 - LAWNGTLAI,37 - Lawngtlai West(ST),37/12 Ngenpuikai,mizoram_pdfs/AC037PART012.pdf
7 - LAWNGTLAI,37 - Lawngtlai West(ST),37/13 Mampui,mizoram_pdfs/AC037PART013.pdf
7 - LAWNGTLAI,37 - Lawngtlai West(ST),37/14 Thingkah,mizoram_pdfs/AC037PART014.pdf
7 - LAWNGTLAI,37 - Lawngtlai West(ST),37/15 Lawngtlai AOC Veng,mizoram_pdfs/AC037PART015.pdf
7 - LAWNGTLAI,37 - Lawngtlai West(ST),37/16 College Veng North,mizoram_pdfs/AC037PART016.pdf
7 - LAWNGTLAI,37 - Lawngtlai West(ST),37/17 College Veng South,mizoram_pdfs/AC037PART017.pdf
7 - LAWNGTLAI,37 - Lawngtlai West(ST),37/18 Chawnhu,mizoram_pdfs/AC037PART018.pdf
7 - LAWNGTLAI,37 - Lawngtlai West(ST),37/19 Saikah Upper,mizoram_pdfs/AC037PART019.pdf
7 - LAWNGTLAI,37 - Lawngtlai West(ST),37/20 Saikah Lower,mizoram_pdfs/AC037PART020.pdf
7 - LAWNGTLAI,37 - Lawngtlai West(ST),37/21 Chawntlangpui,mizoram_pdfs/AC037PART021.pdf
7 - LAWNGTLAI,37 - Lawngtlai West(ST),37/22 Sihtlangpui,mizoram_pdfs/AC037PART022.pdf
7 - LAWNGTLAI,37 - Lawngtlai West(ST),37/23 Kawlchaw West,mizoram_pdfs/AC037PART023.pdf
7 - LAWNGTLAI,37 - Lawngtlai West(ST),37/24 Paithar,mizoram_pdfs/AC037PART024.pdf
7 - LAWNGTLAI,37 - Lawngtlai West(ST),37/25 R. Vanhne,mizoram_pdfs/AC037PART025.pdf
7 - LAWNGTLAI,37 - Lawngtlai West(ST),37/26 Rulkual,mizoram_pdfs/AC037PART026.pdf
7 - LAWNGTLAI,37 - Lawngtlai West(ST),37/27 Saizawh East,mizoram_pdfs/AC037PART027.pdf
7 - LAWNGTLAI,37 - Lawngtlai West(ST),37/28 Hmunnuam,mizoram_pdfs/AC037PART028.pdf
7 - LAWNGTLAI,37 - Lawngtlai West(ST),37/29 Bungtlang 'S' - I,mizoram_pdfs/AC037PART029.pdf
7 - LAWNGTLAI,37 - Lawngtlai West(ST),37/30 Bungtlang 'S' - II,mizoram_pdfs/AC037PART030.pdf
7 - LAWNGTLAI,37 - Lawngtlai West(ST),37/31 Saikhawthlir,mizoram_pdfs/AC037PART031.pdf
7 - LAWNGTLAI,37 - Lawngtlai West(ST),37/32 Sekulhkai,mizoram_pdfs/AC037PART032.pdf
7 - LAWNGTLAI,37 - Lawngtlai West(ST),37/33 M. Kawnpui,mizoram_pdfs/AC037PART033.pdf
7 - LAWNGTLAI,37 - Lawngtlai West(ST),37/34 Hlimzawl,mizoram_pdfs/AC037PART034.pdf
7 - LAWNGTLAI,37 - Lawngtlai West(ST),37/35 Saibawh,mizoram_pdfs/AC037PART035.pdf
7 - LAWNGTLAI,37 - Lawngtlai West(ST),37/36 Nghalimlui,mizoram_pdfs/AC037PART036.pdf
7 - LAWNGTLAI,37 - Lawngtlai West(ST),37/37 Vaseikai,mizoram_pdfs/AC037PART037.pdf
7 - LAWNGTLAI,37 - Lawngtlai West(ST),37/38 Fangfarlui,mizoram_pdfs/AC037PART038.pdf
7 - LAWNGTLAI,37 - Lawngtlai West(ST),37/39 Damlui,mizoram_pdfs/AC037PART039.pdf
7 - LAWNGTLAI,37 - Lawngtlai West(ST),37/40 Pandawnglui,mizoram_pdfs/AC037PART040.pdf
7 - LAWNGTLAI,37 - Lawngtlai West(ST),37/41 Karlui I,mizoram_pdfs/AC037PART041.pdf
7 - LAWNGTLAI,37 - Lawngtlai West(ST),37/42 Karlui II,mizoram_pdfs/AC037PART042.pdf
7 - LAWNGTLAI,37 - Lawngtlai West(ST),37/43 Kawrthindeng,mizoram_pdfs/AC037PART043.pdf
7 - LAWNGTLAI,37 - Lawngtlai West(ST),37/44 Darnamtlang,mizoram_pdfs/AC037PART044.pdf
7 - LAWNGTLAI,37 - Lawngtlai West(ST),37/45 Ngengpuitlang,mizoram_pdfs/AC037PART045.pdf
7 - LAWNGTLAI,37 - Lawngtlai West(ST),37/46 Tuithumhnar,mizoram_pdfs/AC037PART046.pdf
7 - LAWNGTLAI,37 - Lawngtlai West(ST),37/47 Tuidangtlang,mizoram_pdfs/AC037PART047.pdf
7 - LAWNGTLAI,37 - Lawngtlai West(ST),37/48 Hruitezawl,mizoram_pdfs/AC037PART048.pdf
7 - LAWNGTLAI,37 - Lawngtlai West(ST),37/49 Hmawngbu,mizoram_pdfs/AC037PART049.pdf
7 - LAWNGTLAI,37 - Lawngtlai West(ST),37/50 Hmawngbuchhuah,mizoram_pdfs/AC037PART050.pdf
7 - LAWNGTLAI,37 - Lawngtlai West(ST),37/51 Dumzautlang,mizoram_pdfs/AC037PART051.pdf
7 - LAWNGTLAI,37 - Lawngtlai West(ST),37/52 Laitlang,mizoram_pdfs/AC037PART052.pdf
7 - LAWNGTLAI,37 - Lawngtlai West(ST),37/53 Zochawchhuah,mizoram_pdfs/AC037PART053.pdf
7 - LAWNGTLAI,37 - Lawngtlai West(ST),<37/54 Kakichhuah,mizoram_pdfs/AC037PART054.pdf
7 - LAWNGTLAI,37 - Lawngtlai West(ST),37/55  Sabualtlang,mizoram_pdfs/AC037PART055.pdf
7 - LAWNGTLAI,37 - Lawngtlai West(ST),37/56 Dumzau,mizoram_pdfs/AC037PART056.pdf
7 - LAWNGTLAI,37 - Lawngtlai West(ST),37/57 Lunghauka,mizoram_pdfs/AC037PART057.pdf
7 - LAWNGTLAI,37 - Lawngtlai West(ST),37/58 Chikhurlui,mizoram_pdfs/AC037PART058.pdf
7 - LAWNGTLAI,37 - Lawngtlai West(ST),37/59 Chamdur 'P' - I,mizoram_pdfs/AC037PART059.pdf
7 - LAWNGTLAI,37 - Lawngtlai West(ST),37/60 Vathuampui,mizoram_pdfs/AC037PART060.pdf
7 - LAWNGTLAI,37 - Lawngtlai West(ST),37/61  Chamdurtlang - I,mizoram_pdfs/AC037PART061.pdf
7 - LAWNGTLAI,37 - Lawngtlai West(ST),37/62 Chamdurtlang - II,mizoram_pdfs/AC037PART062.pdf
7 - LAWNGTLAI,37 - Lawngtlai West(ST),37/63 Bolisora,mizoram_pdfs/AC037PART063.pdf
7 - LAWNGTLAI,37 - Lawngtlai West(ST),37/64 Mautlang,mizoram_pdfs/AC037PART064.pdf
7 - LAWNGTLAI,37 - Lawngtlai West(ST),37/65 Tuichawngtlang,mizoram_pdfs/AC037PART065.pdf
7 - LAWNGTLAI,37 - Lawngtlai West(ST),37/66 Ngunlingakhua,mizoram_pdfs/AC037PART066.pdf
7 - LAWNGTLAI,37 - Lawngtlai West(ST),37/67 Tuisentlang,mizoram_pdfs/AC037PART067.pdf
7 - LAWNGTLAI,37 - Lawngtlai West(ST),37/68 Kawnkhua,mizoram_pdfs/AC037PART068.pdf
7 - LAWNGTLAI,37 - Lawngtlai West(ST),37/Summary,mizoram_pdfs/AC037.pdf
7 - LAWNGTLAI,38 - Lawngtlai East(ST),38/1 Lawngtlai - III,mizoram_pdfs/AC038PART001.pdf
7 - LAWNGTLAI,38 - Lawngtlai East(ST),38/2 Electric Veng,mizoram_pdfs/AC038PART002.pdf
7 - LAWNGTLAI,38 - Lawngtlai East(ST),38/3 Lawngtlai Bazar North,mizoram_pdfs/AC038PART003.pdf
7 - LAWNGTLAI,38 - Lawngtlai East(ST),38/4 Lawngtlai Bazar South,mizoram_pdfs/AC038PART004.pdf
7 - LAWNGTLAI,38 - Lawngtlai East(ST),38/5 Lawngtlai Vengpui,mizoram_pdfs/AC038PART005.pdf
7 - LAWNGTLAI,38 - Lawngtlai East(ST),38/6 Mission Veng,mizoram_pdfs/AC038PART006.pdf
7 - LAWNGTLAI,38 - Lawngtlai East(ST),38/7 Council Veng East,mizoram_pdfs/AC038PART007.pdf
7 - LAWNGTLAI,38 - Lawngtlai East(ST),38/8 Council Veng West,mizoram_pdfs/AC038PART008.pdf
7 - LAWNGTLAI,38 - Lawngtlai East(ST),38/9 Chandmary North - I,mizoram_pdfs/AC038PART009.pdf
7 - LAWNGTLAI,38 - Lawngtlai East(ST),38/10 Chandmary North - II,mizoram_pdfs/AC038PART010.pdf
7 - LAWNGTLAI,38 - Lawngtlai East(ST),38/11 Chandmary South,mizoram_pdfs/AC038PART011.pdf
7 - LAWNGTLAI,38 - Lawngtlai East(ST),38/12 Chandmari - II,mizoram_pdfs/AC038PART012.pdf
7 - LAWNGTLAI,38 - Lawngtlai East(ST),38/13 Pangkhua,mizoram_pdfs/AC038PART013.pdf
7 - LAWNGTLAI,38 - Lawngtlai East(ST),38/14 Vartek,mizoram_pdfs/AC038PART014.pdf
7 - LAWNGTLAI,38 - Lawngtlai East(ST),38/15 Vartekkai,mizoram_pdfs/AC038PART015.pdf
7 - LAWNGTLAI,38 - Lawngtlai East(ST),38/16 Sangau East - I,mizoram_pdfs/AC038PART016.pdf
7 - LAWNGTLAI,38 - Lawngtlai East(ST),38/17 Sangau East - II,mizoram_pdfs/AC038PART017.pdf
7 - LAWNGTLAI,38 - Lawngtlai East(ST),38/18 Dinthar,mizoram_pdfs/AC038PART018.pdf
7 - LAWNGTLAI,38 - Lawngtlai East(ST),38/19 Vengthar,mizoram_pdfs/AC038PART019.pdf
7 - LAWNGTLAI,38 - Lawngtlai East(ST),38/20 Cheural,mizoram_pdfs/AC038PART020.pdf
7 - LAWNGTLAI,38 - Lawngtlai East(ST),38/21 Lungtian - I,mizoram_pdfs/AC038PART021.pdf
7 - LAWNGTLAI,38 - Lawngtlai East(ST),38/22 Lungtian - II,mizoram_pdfs/AC038PART022.pdf
7 - LAWNGTLAI,38 - Lawngtlai East(ST),38/23 Sentetfiang,mizoram_pdfs/AC038PART023.pdf
7 - LAWNGTLAI,38 - Lawngtlai East(ST),38/24 Rawlbuk,mizoram_pdfs/AC038PART024.pdf
7 - LAWNGTLAI,38 - Lawngtlai East(ST),38/25 South Lungpher,mizoram_pdfs/AC038PART025.pdf
7 - LAWNGTLAI,38 - Lawngtlai East(ST),38/26 Thaltlang,mizoram_pdfs/AC038PART026.pdf
7 - LAWNGTLAI,38 - Lawngtlai East(ST),38/27 Archhuang,mizoram_pdfs/AC038PART027.pdf
7 - LAWNGTLAI,38 - Lawngtlai East(ST),38/28 Siachangkawn,mizoram_pdfs/AC038PART028.pdf
7 - LAWNGTLAI,38 - Lawngtlai East(ST),38/29 Vawmbuk,mizoram_pdfs/AC038PART029.pdf
7 - LAWNGTLAI,38 - Lawngtlai East(ST),38/30 Tialdawnglui,mizoram_pdfs/AC038PART030.pdf
7 - LAWNGTLAI,38 - Lawngtlai East(ST),38/31 Bualpui 'Ng'- I,mizoram_pdfs/AC038PART031.pdf
7 - LAWNGTLAI,38 - Lawngtlai East(ST),38/32 Bualpui 'Ng' - II,mizoram_pdfs/AC038PART032.pdf
7 - LAWNGTLAI,38 - Lawngtlai East(ST),38/33 Bualpui 'Ng' - III,mizoram_pdfs/AC038PART033.pdf
7 - LAWNGTLAI,38 - Lawngtlai East(ST),38/34 Lungzarhtum,mizoram_pdfs/AC038PART034.pdf
7 - LAWNGTLAI,38 - Lawngtlai East(ST),38/Summary,mizoram_pdfs/AC038.pdf
8 - SAIHA,39 - Saiha(ST),39/1 THIAHRA,mizoram_pdfs/AC039PART001.pdf
8 - SAIHA,39 - Saiha(ST),39/2 AMOTLAH,mizoram_pdfs/AC039PART002.pdf
8 - SAIHA,39 - Saiha(ST),39/3 TISOPI,mizoram_pdfs/AC039PART003.pdf
8 - SAIHA,39 - Saiha(ST),39/4 RIASIKAH,mizoram_pdfs/AC039PART004.pdf
8 - SAIHA,39 - Saiha(ST),39/5 TIPI FERRY,mizoram_pdfs/AC039PART005.pdf
8 - SAIHA,39 - Saiha(ST),39/6 MEISATLAH,mizoram_pdfs/AC039PART006.pdf
8 - SAIHA,39 - Saiha(ST),39/7 MEISAVAIH EAST,mizoram_pdfs/AC039PART007.pdf
8 - SAIHA,39 - Saiha(ST),39/8 MEISAVAIH WEST,mizoram_pdfs/AC039PART008.pdf
8 - SAIHA,39 - Saiha(ST),39/9 SIAHAVAIHPI - I,mizoram_pdfs/AC039PART009.pdf
8 - SAIHA,39 - Saiha(ST),39/10 SIAHAVAIHPI - II,mizoram_pdfs/AC039PART010.pdf
8 - SAIHA,39 - Saiha(ST),39/11 SIAHAVAIHPI - III,mizoram_pdfs/AC039PART011.pdf
8 - SAIHA,39 - Saiha(ST),39/12 E.C.M VAIH,mizoram_pdfs/AC039PART012.pdf
8 - SAIHA,39 - Saiha(ST),39/13 THOSAI,mizoram_pdfs/AC039PART013.pdf
8 - SAIHA,39 - Saiha(ST),39/14 COUNCIL VAIH,mizoram_pdfs/AC039PART014.pdf
8 - SAIHA,39 - Saiha(ST),39/15 NEW COLONY - I,mizoram_pdfs/AC039PART015.pdf
8 - SAIHA,39 - Saiha(ST),39/16 NEW COLONY - II,mizoram_pdfs/AC039PART016.pdf
8 - SAIHA,39 - Saiha(ST),39/17 NEW COLONY - III,mizoram_pdfs/AC039PART017.pdf
8 - SAIHA,39 - Saiha(ST),39/18 COLLEGE VAIH - I,mizoram_pdfs/AC039PART018.pdf
8 - SAIHA,39 - Saiha(ST),39/19 COLLEGE VAIH - II,mizoram_pdfs/AC039PART019.pdf
8 - SAIHA,39 - Saiha(ST),39/20 NEW SIAHA WEST - I,mizoram_pdfs/AC039PART020.pdf
8 - SAIHA,39 - Saiha(ST),39/21 NEW SIAHA WEST - II,mizoram_pdfs/AC039PART021.pdf
8 - SAIHA,39 - Saiha(ST),39/22 NEW SIAHA EAST - I,mizoram_pdfs/AC039PART022.pdf
8 - SAIHA,39 - Saiha(ST),39/23 NEW SIAHA EAST - II,mizoram_pdfs/AC039PART023.pdf
8 - SAIHA,39 - Saiha(ST),39/24 SIAHATLA - I,mizoram_pdfs/AC039PART024.pdf
8 - SAIHA,39 - Saiha(ST),39/25SIAHATLA - II,mizoram_pdfs/AC039PART025.pdf
8 - SAIHA,39 - Saiha(ST),39/26 SIAHATLA - III,mizoram_pdfs/AC039PART026.pdf
8 - SAIHA,39 - Saiha(ST),39/27 NOAOTLAH- I,mizoram_pdfs/AC039PART027.pdf
8 - SAIHA,39 - Saiha(ST),39/28 NOAOTLAH- II,mizoram_pdfs/AC039PART028.pdf
8 - SAIHA,39 - Saiha(ST),39/29 NOAOTLAH- III,mizoram_pdfs/AC039PART029.pdf
8 - SAIHA,39 - Saiha(ST),39/30 LOBO,mizoram_pdfs/AC039PART030.pdf
8 - SAIHA,39 - Saiha(ST),39/31 CHAOLO - I,mizoram_pdfs/AC039PART031.pdf
8 - SAIHA,39 - Saiha(ST),39/32 CHAOLO - II,mizoram_pdfs/AC039PART032.pdf
8 - SAIHA,39 - Saiha(ST),39/Summary,mizoram_pdfs/AC039.pdf
8 - SAIHA,40 - Palak(ST),40/1 AMOBYU VAITHIE,mizoram_pdfs/AC040PART001.pdf
8 - SAIHA,40 - Palak(ST),40/2 AMOBYU,mizoram_pdfs/AC040PART002.pdf
8 - SAIHA,40 - Palak(ST),40/3 THEIVA,mizoram_pdfs/AC040PART003.pdf
8 - SAIHA,40 - Palak(ST),40/4 KAOCHAO  EAST,mizoram_pdfs/AC040PART004.pdf
8 - SAIHA,40 - Palak(ST),40/5 SAIKAO,mizoram_pdfs/AC040PART005.pdf
8 - SAIHA,40 - Palak(ST),40/6 NEW SAIKAO,mizoram_pdfs/AC040PART006.pdf
8 - SAIHA,40 - Palak(ST),40/7 NEW LATY,mizoram_pdfs/AC040PART007.pdf
8 - SAIHA,40 - Palak(ST),40/8 THEIRI,mizoram_pdfs/AC040PART008.pdf
8 - SAIHA,40 - Palak(ST),40/9 TISI,mizoram_pdfs/AC040PART009.pdf
8 - SAIHA,40 - Palak(ST),40/10 IANA,mizoram_pdfs/AC040PART010.pdf
8 - SAIHA,40 - Palak(ST),40/11 SIATA,mizoram_pdfs/AC040PART011.pdf
8 - SAIHA,40 - Palak(ST),40/12 CHAKHEI,mizoram_pdfs/AC040PART012.pdf
8 - SAIHA,40 - Palak(ST),40/13 CHAKHEITLA,mizoram_pdfs/AC040PART013.pdf
8 - SAIHA,40 - Palak(ST),40/14 SIASI,mizoram_pdfs/AC040PART014.pdf
8 - SAIHA,40 - Palak(ST),40/15 CHHEIHLU,mizoram_pdfs/AC040PART015.pdf
8 - SAIHA,40 - Palak(ST),40/16 TIPA  V,mizoram_pdfs/AC040PART016.pdf
8 - SAIHA,40 - Palak(ST),40/17 TIPA BAZAR,mizoram_pdfs/AC040PART017.pdf
8 - SAIHA,40 - Palak(ST),40/18 TIPA  D,mizoram_pdfs/AC040PART018.pdf
8 - SAIHA,40 - Palak(ST),40/19 TIPA BEIVAIH,mizoram_pdfs/AC040PART019.pdf
8 - SAIHA,40 - Palak(ST),40/20 LOHRY,mizoram_pdfs/AC040PART020.pdf
8 - SAIHA,40 - Palak(ST),40/21 MAISA,mizoram_pdfs/AC040PART021.pdf
8 - SAIHA,40 - Palak(ST),40/22 SIATLAI,mizoram_pdfs/AC040PART022.pdf
8 - SAIHA,40 - Palak(ST),40/23 ZYHNO - I,mizoram_pdfs/AC040PART023.pdf
8 - SAIHA,40 - Palak(ST),40/24 ZYHNO - II,mizoram_pdfs/AC040PART024.pdf
8 - SAIHA,40 - Palak(ST),40/25 MAWHREI,mizoram_pdfs/AC040PART025.pdf
8 - SAIHA,40 - Palak(ST),40/26 CHAPI - I,mizoram_pdfs/AC040PART026.pdf
8 - SAIHA,40 - Palak(ST),40/27 CHAPI - II,mizoram_pdfs/AC040PART027.pdf
8 - SAIHA,40 - Palak(ST),40/28 AHMYPI,mizoram_pdfs/AC040PART028.pdf
8 - SAIHA,40 - Palak(ST),40/29 PALA,mizoram_pdfs/AC040PART029.pdf
8 - SAIHA,40 - Palak(ST),40/30 LODAW,mizoram_pdfs/AC040PART030.pdf
8 - SAIHA,40 - Palak(ST),40/31 PHURA,mizoram_pdfs/AC040PART031.pdf
8 - SAIHA,40 - Palak(ST),40/32 KIASIE,mizoram_pdfs/AC040PART032.pdf
8 - SAIHA,40 - Palak(ST),40/33 VAHIA,mizoram_pdfs/AC040PART033.pdf
8 - SAIHA,40 - Palak(ST),40/34 KHOPAI,mizoram_pdfs/AC040PART034.pdf
8 - SAIHA,40 - Palak(ST),40/35 LAKI,mizoram_pdfs/AC040PART035.pdf
8 - SAIHA,40 - Palak(ST),40/36 MIEPU,mizoram_pdfs/AC040PART036.pdf
8 - SAIHA,40 - Palak(ST),40/37 TOKALO,mizoram_pdfs/AC040PART037.pdf
8 - SAIHA,40 - Palak(ST),40/38 BYMARI,mizoram_pdfs/AC040PART038.pdf
8 - SAIHA,40 - Palak(ST),40/39 LOMASU,mizoram_pdfs/AC040PART039.pdf
8 - SAIHA,40 - Palak(ST),40/40 SUPHA,mizoram_pdfs/AC040PART040.pdf
8 - SAIHA,40 - Palak(ST),40/41 LOPU,mizoram_pdfs/AC040PART041.pdf
8 - SAIHA,40 - Palak(ST),40/42 KHAIKHY,mizoram_pdfs/AC040PART042.pdf
8 - SAIHA,40 - Palak(ST),40/Summary,mizoram_pdfs/AC040.pdf
